0,0,1,2,0,1,2,0,1,2,0,1,2,0,1,2,0
Jan,Max,Avg,Min,Max,Avg,Min,Max,Avg,Min,Max,Avg,Min,Max,Avg,Min,Total
1,3,-2.7,-7,-9,-12.5,-16,76,63.4,55,13,10.5,7,30.0,30.0,30.0,0.00
2,7,-0.8,-9,-1,-8.8,-15,79,69.4,57,17,11.6,7,30.0,29.8,29.4,0.00
3,18,14.2,8,11,5.3,-2,81,68.0,59,17,12.6,9,29.5,29.4,29.4,0.00
4,13,6.2,2,-2,-4.1,-6,73,63.1,49,15,11.5,5,29.6,29.6,29.5,0.00
5,11,5.4,0,-4,-5.6,-7,76,61.5,47,20,10.5,6,29.8,29.7,29.6,0.00
6,16,7.6,0,-1,-4.8,-8,72,58.2,39,9,6.5,0,29.9,29.9,29.7,0.00
7,33,25.3,9,31,17.4,-3,92,72.4,56,18,14.7,9,29.7,29.4,29.2,0.00
8,36,33.9,31,33,30.1,28,96,86.3,76,17,12.5,7,29.5,29.4,29.2,0.03
9,34,30.1,28,29,28.3,27,100,92.7,82,10,6.6,3,29.6,29.6,29.4,0.00
10,56,44.9,32,52,43.6,30,100,95.3,84,24,15.5,7,29.5,29.2,29.1,0.00
11,60,52.1,24,58,49.8,18,100,91.9,77,25,16.9,9,29.2,29.1,29.0,0.01
12,25,21.6,16,18,13.7,2,81,71.9,54,29,20.2,12,29.7,29.5,29.2,0.14
13,17,12.3,8,2,-2.2,-7,67,53.3,34,24,10.6,0,30.0,29.9,29.7,0.00
14,22,15.7,7,15,6.5,-2,88,68.8,40,16,9.7,0,30.0,29.8,29.6,0.00
15,24,16.9,9,19,12.3,4,89,82.5,77,18,12.5,7,29.7,29.6,29.5,0.02
16,25,14.4,6,18,8.3,2,87,77.2,60,15,10.9,7,29.9,29.8,29.7,0.01
17,20,14.8,6,10,7.3,2,84,72.8,62,22,12.3,5,29.9,29.8,29.5,0.00
18,33,25.6,17,22,15.5,10,74,65.9,54,20,15.3,10,29.5,29.4,29.3,0.00
19,40,34.8,28,29,23.8,19,73,64.5,54,22,16.0,10,29.3,29.2,29.1,0.00
20,47,40.4,33,37,32.2,27,86,73.3,59,15,9.2,5,29.3,29.3,29.1,0.00
21,48,42.8,39,48,41.7,36,100,96.3,86,10,5.0,0,29.3,29.3,29.2,0.00
22,55,48.6,37,51,46.1,32,100,91.5,73,29,11.8,3,29.1,28.9,28.8,0.40
23,37,32.3,29,34,27.6,22,100,83.3,72,16,11.2,5,29.5,29.1,28.8,0.29
24,30,29.1,28,24,22.4,20,81,76.0,69,10,6.4,0,29.7,29.6,29.5,0.01
25,44,35.5,26,34,28.2,21,84,75.0,60,17,9.0,6,29.7,29.6,29.5,0.00
26,52,46.1,38,34,31.8,30,76,58.8,43,24,17.8,9,29.5,29.4,29.3,0.00
27,51,45.5,37,39,30.0,21,69,56.0,32,21,12.3,6,29.6,29.4,29.3,0.00
28,41,34.9,31,32,27.5,24,85,74.7,67,16,9.2,0,29.7,29.6,29.6,0.00
29,31,25.1,18,24,15.8,9,81,68.0,58,20,14.0,7,29.8,29.7,29.7,0.00
30,31,24.7,16,18,12.7,10,77,61.4,47,20,9.7,0,29.8,29.6,29.3,0.00
31,43,37.6,32,30,24.2,18,70,58.7,49,24,14.3,7,29.3,29.1,29.0,0.00
Feb,Max,Avg,Min,Max,Avg,Min,Max,Avg,Min,Max,Avg,Min,Max,Avg,Min,Total
1,36,22.5,9,25,6.8,-7,72,52.0,35,24,15.3,8,29.7,29.4,29.1,0.00
2,22,13.9,5,4,-3.6,-7,61,46.5,35,14,10.8,9,29.9,29.8,29.6,0.00
3,41,31.2,22,30,18.1,7,96,61.7,33,21,13.6,8,29.6,29.3,29.1,0.00
4,35,20.7,7,30,14.9,-4,89,78.7,58,22,15.8,7,29.6,29.3,29.1,0.01
5,12,8.4,-1,8,1.9,-8,88,75.3,56,10,7.5,5,29.6,29.6,29.5,0.01
6,21,16.3,6,16,8.8,3,88,73.2,55,9,3.9,0,29.8,29.7,29.6,0.15
7,20,17.2,13,17,11.2,4,92,78.0,64,15,9.4,3,29.8,29.6,29.6,0.05
8,22,17.0,9,19,11.1,4,92,78.0,62,15,7.3,5,29.8,29.7,29.6,0.00
9,29,25.9,22,26,22.7,17,96,87.8,75,17,10.3,5,29.6,29.5,29.4,0.34
10,25,21.2,17,22,16.0,10,91,80.5,71,15,10.8,3,29.6,29.5,29.4,0.14
11,24,21.1,13,22,16.4,4,96,82.4,64,15,10.2,3,29.7,29.4,29.3,0.19
12,28,18.1,8,15,7.5,3,80,64.8,39,9,6.3,0,30.1,30.0,29.7,0.00
13,35,26.8,18,24,16.1,9,84,65.9,34,13,7.2,5,30.1,29.8,29.6,0.00
14,45,38.1,28,41,35.4,25,100,90.5,68,15,9.1,6,29.6,29.3,29.2,0.00
15,47,42.1,39,45,40.7,33,100,95.2,71,18,6.5,0,29.2,29.1,29.0,0.00
16,36,32.1,20,34,21.2,7,93,65.5,38,21,12.3,5,29.6,29.5,29.2,0.00
17,35,28.8,17,32,23.4,9,96,80.5,62,17,9.6,3,29.6,29.4,29.3,0.00
18,41,31.3,20,31,25.6,19,96,80.0,67,18,11.1,0,29.6,29.5,29.2,0.09
19,60,49.4,39,58,47.7,33,100,94.2,77,20,10.8,0,29.2,29.2,29.1,0.00
20,66,53.9,34,61,52.5,33,100,95.1,84,23,12.9,3,29.5,29.3,29.1,1.94
21,34,31.3,29,32,24.2,20,92,75.4,61,17,13.0,8,29.9,29.8,29.5,1.22
22,41,37.1,32,38,30.8,25,93,78.1,68,20,13.7,9,29.9,29.8,29.6,0.00
23,45,40.0,35,43,37.0,30,100,89.3,79,17,10.6,5,29.6,29.5,29.4,0.14
24,50,39.6,35,49,35.5,29,97,85.6,76,20,13.8,7,29.6,29.3,28.8,0.00
25,51,40.1,35,49,28.0,22,92,63.7,42,30,19.4,8,29.4,29.2,28.8,0.11
26,54,43.5,31,34,28.5,25,82,58.1,35,17,9.0,0,29.6,29.5,29.5,0.00
27,61,51.9,42,38,33.3,27,60,49.8,38,22,13.5,8,29.6,29.4,29.2,0.00
28,60,47.9,38,48,39.7,36,93,74.3,54,15,11.0,8,29.2,29.2,29.1,0.00
Mar,Max,Avg,Min,Max,Avg,Min,Max,Avg,Min,Max,Avg,Min,Max,Avg,Min,Total
1,43,38.9,34,39,34.2,29,97,83.9,62,22,12.4,0,29.6,29.2,29.1,0.00
2,46,37.5,31,29,21.3,13,85,55.9,28,12,6.9,0,29.8,29.7,29.6,0.32
3,43,38.0,35,29,22.9,15,76,56.1,32,13,9.6,5,29.9,29.8,29.8,0.00
4,46,39.6,32,26,20.8,15,73,48.6,31,17,11.7,7,29.8,29.7,29.6,0.00
5,42,36.0,34,33,24.9,17,96,66.7,40,20,14.9,10,29.6,29.3,29.1,0.00
6,41,36.0,34,35,32.9,30,100,89.1,70,20,9.4,5,29.1,29.0,29.0,0.08
7,34,30.4,26,30,19.6,12,89,65.8,47,21,14.7,10,29.4,29.3,29.1,0.04
8,35,28.9,24,18,15.4,12,69,57.5,46,16,10.5,6,29.4,29.3,29.3,0.00
9,38,30.9,23,21,16.8,14,75,57.6,38,13,6.6,0,29.4,29.3,29.3,0.00
10,39,33.8,26,25,18.2,12,78,55.6,34,14,6.3,0,29.5,29.4,29.4,0.00
11,39,35.0,31,27,22.2,17,82,61.0,44,16,8.8,0,29.6,29.5,29.5,0.00
12,45,37.3,30,30,24.5,20,79,61.0,37,18,9.6,0,29.5,29.4,29.4,0.00
13,36,30.2,25,27,21.1,11,92,70.3,44,20,12.4,6,29.5,29.5,29.4,0.00
14,47,34.9,22,28,18.0,12,69,52.3,33,21,10.5,5,29.5,29.3,29.1,0.00
15,47,37.4,31,28,25.3,23,76,62.8,39,17,10.4,0,29.4,29.2,29.1,0.00
16,36,32.7,30,27,22.1,20,78,65.2,57,16,12.8,8,29.6,29.5,29.4,0.00
17,44,37.0,32,30,23.6,16,89,60.9,35,16,9.3,0,29.4,29.3,29.3,0.14
18,56,42.7,29,28,23.2,20,82,49.8,26,9,4.0,0,29.4,29.3,29.3,0.00
19,46,39.9,35,29,25.9,22,73,58.3,42,28,16.6,3,29.3,29.2,29.2,0.00
20,36,33.0,29,27,22.0,16,75,64.5,54,24,18.8,12,29.3,29.2,29.2,0.00
21,39,34.3,31,25,20.4,13,70,57.7,34,18,13.2,5,29.6,29.4,29.2,0.00
22,46,36.6,26,27,19.6,11,81,54.2,25,12,7.1,0,29.7,29.6,29.6,0.00
23,41,36.3,32,28,22.7,18,76,58.6,41,16,10.1,0,29.7,29.7,29.6,0.00
24,40,37.2,34,27,22.0,18,70,54.5,46,23,18.2,10,29.6,29.5,29.5,0.00
25,41,34.8,29,24,16.5,13,55,47.8,35,20,14.7,10,29.7,29.7,29.6,0.00
26,55,44.4,32,46,30.8,18,93,60.7,37,18,11.5,8,29.6,29.5,29.3,0.00
27,52,49.6,45,52,46.1,37,100,88.3,68,14,10.0,0,29.4,29.3,29.3,0.39
28,52,45.1,39,41,37.1,34,86,73.9,57,10,5.8,0,29.4,29.3,29.2,0.04
29,49,43.9,37,43,38.0,31,93,80.2,66,17,9.2,0,29.4,29.3,29.2,0.08
30,48,40.7,35,32,27.7,24,86,61.8,44,15,7.7,0,29.6,29.5,29.4,0.00
31,58,44.7,35,42,33.2,22,83,64.9,51,24,15.3,6,29.5,29.3,29.1,0.00
Apr,Max,Avg,Min,Max,Avg,Min,Max,Avg,Min,Max,Avg,Min,Max,Avg,Min,Total
1,36,31.8,27,20,12.7,8,58,46.0,33,13,8.7,5,29.6,29.5,29.5,0.05
2,45,35.8,24,32,20.7,12,72,56.5,29,16,7.4,0,29.5,29.4,29.2,0.00
3,42,39.3,35,40,37.2,31,100,92.9,65,16,11.9,6,29.2,29.0,28.8,0.00
4,35,31.3,27,32,21.0,16,89,66.9,52,24,17.2,8,29.6,29.3,29.0,0.07
5,41,33.9,24,34,25.5,10,100,74.7,34,12,7.6,3,29.6,29.4,29.3,0.00
6,38,34.3,28,34,22.7,7,100,66.5,32,24,12.1,0,29.4,29.3,29.2,0.09
7,38,29.5,21,19,9.9,4,64,45.0,29,15,8.5,0,29.5,29.4,29.4,0.00
8,39,32.5,24,28,15.2,5,85,51.3,26,14,6.8,0,29.5,29.4,29.4,0.00
9,40,34.3,31,31,30.0,28,96,84.3,70,13,6.3,0,29.6,29.5,29.4,0.03
10,45,38.5,30,30,23.8,20,92,58.5,40,14,8.2,0,29.6,29.6,29.4,0.00
11,66,50.3,39,45,34.7,29,71,56.6,34,15,10.2,5,29.4,29.3,29.1,0.00
12,74,58.4,45,46,42.6,38,80,58.2,33,22,13.6,5,29.1,29.0,29.0,0.02
13,52,44.9,41,43,39.8,38,93,82.5,69,16,11.7,6,29.2,29.1,29.0,0.00
14,41,39.4,37,40,37.8,35,97,94.4,93,28,20.7,9,29.2,29.1,29.1,0.29
15,38,35.8,31,36,33.8,27,100,93.0,85,22,14.1,6,29.1,29.1,29.0,0.47
16,35,30.8,28,25,24.3,23,88,77.1,61,21,15.1,10,29.3,29.2,29.1,0.33
17,43,35.3,30,24,22.3,20,72,59.5,43,21,11.1,0,29.3,29.3,29.2,0.00
18,37,34.8,32,33,29.2,25,100,80.7,62,20,11.6,3,29.3,29.2,29.1,0.00
19,53,41.6,33,34,28.8,19,100,66.2,26,14,10.4,3,29.8,29.6,29.3,0.10
20,59,47.7,35,26,19.4,8,67,36.7,16,15,5.0,0,29.9,29.8,29.8,0.00
21,53,47.1,42,27,21.1,17,43,36.0,30,10,5.3,0,29.8,29.7,29.7,0.00
22,61,51.5,44,31,25.3,18,54,37.3,24,17,11.0,3,29.7,29.6,29.6,0.00
23,62,52.5,44,35,30.1,26,60,43.2,31,16,9.4,0,29.6,29.5,29.4,0.00
24,63,55.1,50,49,43.9,36,86,66.3,54,16,7.3,3,29.4,29.4,29.3,0.00
25,53,47.0,42,43,32.4,29,83,57.8,43,20,13.5,0,29.4,29.4,29.3,0.00
26,65,52.3,36,32,29.0,26,79,44.9,25,10,4.1,0,29.3,29.3,29.1,0.00
27,55,48.3,41,37,32.6,26,82,57.0,38,21,14.2,7,29.2,29.1,29.1,0.00
28,50,43.7,38,34,26.3,17,79,52.8,31,21,13.2,5,29.6,29.4,29.2,0.03
29,56,45.8,34,29,19.3,6,70,39.8,15,10,6.7,3,29.7,29.6,29.6,0.00
30,80,62.6,42,31,23.1,11,40,23.6,13,20,12.5,5,29.6,29.5,29.3,0.00
May,Max,Avg,Min,Max,Avg,Min,Max,Avg,Min,Max,Avg,Min,Max,Avg,Min,Total
1,85,73.3,58,50,42.3,31,42,33.3,25,24,15.6,8,29.3,29.3,29.2,0.00
2,87,74.6,66,65,56.9,49,94,56.1,36,39,14.9,0,29.3,29.2,29.2,0.00
3,70,64.7,58,65,60.3,51,100,86.0,70,20,7.9,0,29.3,29.2,29.1,0.45
4,75,68.2,64,63,54.3,46,88,63.5,36,29,16.9,6,29.3,29.2,29.0,0.00
5,82,70.5,57,49,44.2,40,72,42.2,23,16,8.5,5,29.4,29.3,29.3,0.00
6,68,60.7,53,44,41.3,38,62,49.7,36,18,9.5,0,29.5,29.3,29.3,0.00
7,73,62.8,50,44,40.0,36,68,45.3,28,12,6.2,0,29.6,29.5,29.5,0.00
8,82,70.8,58,44,40.9,39,51,35.1,23,14,7.2,0,29.5,29.4,29.3,0.00
9,83,71.9,60,63,52.9,40,80,52.1,37,24,15.5,7,29.3,29.1,28.9,0.00
10,72,63.6,58,55,52.6,47,87,68.3,51,15,9.8,5,29.4,29.3,29.1,0.21
11,56,51.6,49,47,43.6,41,80,74.2,64,20,15.0,9,29.4,29.3,29.3,0.04
12,52,48.7,46,48,44.8,43,93,86.6,77,17,11.1,5,29.5,29.4,29.3,0.02
13,67,54.3,49,55,50.2,47,100,87.0,63,17,8.1,0,29.4,29.4,29.3,0.00
14,86,64.0,55,65,59.3,51,100,86.4,43,24,10.1,0,29.4,29.2,29.1,0.37
15,67,63.0,53,65,57.3,40,100,82.8,53,16,9.1,0,29.4,29.3,29.1,0.92
16,77,65.1,50,56,47.7,40,77,56.0,29,10,5.5,0,29.4,29.3,29.3,0.00
17,71,62.5,54,55,49.1,43,87,63.3,44,16,7.7,0,29.4,29.4,29.3,0.00
18,68,59.4,54,59,50.3,46,97,73.3,50,16,10.2,6,29.4,29.3,29.3,0.00
19,69,60.5,57,61,57.6,53,100,90.6,73,9,4.7,0,29.3,29.2,29.2,0.00
20,60,49.5,45,57,45.1,42,96,84.9,77,21,11.9,5,29.6,29.5,29.4,0.01
21,65,57.7,50,62,56.2,45,100,94.7,83,17,7.0,0,29.5,29.4,29.3,0.12
22,66,58.8,54,60,55.5,50,100,89.4,72,10,4.6,0,29.4,29.4,29.3,1.24
23,78,65.5,52,58,52.6,46,93,66.7,33,10,4.1,0,29.5,29.5,29.4,0.00
24,86,74.1,59,56,54.2,52,81,52.5,32,14,6.3,0,29.5,29.4,29.4,0.00
25,89,78.9,68,69,58.4,50,91,50.8,35,12,7.5,3,29.4,29.2,29.1,0.00
26,88,78.7,69,69,63.2,58,93,62.4,40,9,5.4,0,29.1,29.1,29.1,0.13
27,96,84.4,72,71,64.1,55,81,52.8,25,12,5.0,0,29.2,29.2,29.1,0.00
28,95,82.5,73,68,62.8,59,74,52.9,32,23,7.8,0,29.3,29.3,29.2,0.00
29,87,77.7,72,66,61.3,56,64,57.2,49,12,5.8,0,29.3,29.2,29.1,0.00
30,86,76.4,72,72,68.4,63,96,77.0,57,20,9.0,5,29.1,29.0,28.9,0.00
31,89,80.8,71,69,66.8,64,87,63.8,46,18,10.8,3,29.1,29.0,28.9,0.22
Jun,Max,Avg,Min,Max,Avg,Min,Max,Avg,Min,Max,Avg,Min,Max,Avg,Min,Total
1,79,65.8,54,69,56.4,46,93,72.1,60,18,11.2,0,29.3,29.2,29.1,0.00
2,73,61.7,53,64,55.5,46,96,80.3,68,12,8.6,3,29.3,29.3,29.2,0.00
3,79,67.4,60,61,54.2,48,100,66.7,34,24,12.1,0,29.3,29.2,29.2,0.54
4,80,69.7,56,52,48.5,44,80,49.1,32,18,10.9,5,29.4,29.3,29.2,0.00
5,73,63.8,57,55,47.1,39,72,54.8,45,21,13.5,9,29.3,29.2,29.2,0.00
6,78,67.3,52,59,51.8,40,77,58.4,46,10,6.2,0,29.3,29.3,29.2,0.01
7,80,71.6,64,59,57.1,51,73,60.7,47,15,8.6,0,29.4,29.3,29.2,0.04
8,71,65.1,61,62,56.4,51,90,73.8,63,10,7.2,5,29.5,29.4,29.4,0.00
9,79,66.0,59,68,62.1,54,100,87.8,64,16,4.5,0,29.4,29.4,29.3,0.28
10,70,65.4,61,67,64.1,61,100,95.7,88,13,6.4,0,29.3,29.2,29.1,0.00
11,69,64.6,62,65,63.3,62,100,95.7,84,16,10.2,6,29.3,29.2,29.2,0.36
12,80,71.8,65,70,67.5,64,97,87.0,71,10,5.4,0,29.3,29.2,29.2,0.03
13,81,73.8,69,70,61.1,46,97,69.5,29,15,8.3,0,29.4,29.3,29.2,0.00
14,80,73.2,63,56,52.2,47,72,49.4,32,12,4.6,0,29.4,29.4,29.3,0.00
15,89,79.2,66,69,61.2,54,73,54.6,44,16,8.7,0,29.4,29.3,29.2,0.00
16,93,81.2,70,73,70.2,66,100,71.1,49,24,9.8,3,29.4,29.3,29.3,0.63
17,94,86.3,79,74,71.9,70,77,62.9,46,17,11.2,8,29.4,29.3,29.3,0.00
18,94,83.3,69,75,72.0,65,90,70.2,49,20,13.2,7,29.4,29.3,29.2,0.00
19,82,70.9,67,70,66.1,63,97,85.3,65,12,7.0,0,29.4,29.3,29.2,0.08
20,78,70.3,66,66,63.6,60,90,79.3,66,16,7.9,0,29.2,29.2,29.2,0.03
21,68,66.4,65,67,64.6,61,100,93.8,84,18,11.8,0,29.2,29.1,29.1,0.11
22,65,62.5,61,62,60.4,59,97,93.0,84,17,13.9,9,29.1,29.1,29.1,2.56
23,80,69.5,62,65,59.2,54,97,72.6,42,12,5.7,0,29.1,29.1,29.0,0.73
24,81,72.5,66,66,63.0,60,93,73.4,54,17,7.5,0,29.4,29.3,29.2,0.00
25,78,71.6,64,64,61.7,60,90,72.0,56,17,11.7,6,29.5,29.4,29.4,0.00
26,85,74.3,68,72,67.5,59,94,79.8,61,17,10.2,5,29.4,29.2,29.1,0.00
27,79,72.6,70,70,67.0,63,97,83.1,66,15,7.5,0,29.2,29.1,29.1,0.00
28,86,77.8,67,70,66.5,63,97,69.5,49,14,4.5,0,29.3,29.3,29.2,0.00
29,94,85.2,75,79,73.9,70,84,69.8,54,16,11.1,5,29.3,29.3,29.2,0.00
30,94,87.1,79,78,75.6,73,88,69.5,55,18,11.3,5,29.3,29.3,29.2,0.00
Jul,Max,Avg,Min,Max,Avg,Min,Max,Avg,Min,Max,Avg,Min,Max,Avg,Min,Total
1,94,83.1,76,77,73.3,72,91,73.1,52,24,13.1,6,29.3,29.2,29.1,0.00
2,81,76.5,71,73,62.0,52,91,62.4,38,12,6.5,0,29.4,29.4,29.3,0.00
3,91,80.2,68,71,67.6,56,87,66.7,52,14,7.4,3,29.5,29.4,29.4,0.00
4,91,83.3,75,77,74.3,72,96,74.7,59,24,9.1,5,29.6,29.5,29.5,0.00
5,95,79.0,72,76,73.0,70,96,83.2,50,20,8.1,0,29.6,29.6,29.5,0.15
6,79,72.7,66,65,55.8,51,73,56.0,43,20,14.3,9,29.8,29.7,29.6,0.52
7,80,72.5,64,61,51.5,37,87,51.5,23,10,7.0,3,29.7,29.6,29.6,0.00
8,87,77.0,65,62,56.0,48,84,51.4,28,12,5.5,0,29.6,29.6,29.5,0.00
9,90,81.0,69,69,62.9,56,81,56.3,34,15,8.5,0,29.6,29.5,29.4,0.00
10,86,80.8,75,72,61.9,47,76,55.0,29,17,10.2,5,29.4,29.4,29.4,0.00
11,86,78.4,71,63,59.5,55,73,53.0,39,10,7.3,0,29.5,29.5,29.4,0.00
12,87,80.3,72,65,62.5,58,76,56.0,40,14,9.0,3,29.5,29.5,29.4,0.00
13,93,82.6,72,67,63.8,59,73,54.5,32,13,8.8,0,29.5,29.4,29.3,0.00
14,80,76.9,73,72,70.2,67,93,80.2,64,9,5.8,0,29.4,29.4,29.3,0.01
15,91,82.1,74,73,71.4,69,93,71.3,50,12,4.7,0,29.3,29.3,29.3,0.22
16,92,82.0,76,74,71.8,68,88,72.5,45,22,6.5,0,29.3,29.3,29.2,0.00
17,81,75.2,69,64,59.4,55,73,58.8,43,15,9.3,3,29.4,29.4,29.3,0.17
18,78,73.1,64,59,54.0,50,78,52.3,40,13,8.5,3,29.5,29.4,29.4,0.00
19,88,78.2,68,65,59.9,54,73,55.0,34,17,9.5,0,29.4,29.3,29.1,0.00
20,79,73.3,70,72,68.0,65,97,83.8,64,18,12.9,8,29.1,29.0,29.0,0.01
21,77,71.5,70,69,67.6,66,97,87.7,71,20,13.1,7,29.1,29.1,29.0,0.52
22,77,71.2,70,70,68.1,66,100,89.9,76,18,12.5,6,29.3,29.2,29.1,0.06
23,81,74.3,68,67,64.3,62,93,71.5,56,14,9.8,3,29.3,29.3,29.2,0.26
24,83,77.0,68,67,63.7,60,90,65.4,46,10,5.0,0,29.3,29.3,29.3,0.00
25,88,79.1,68,65,59.9,55,78,53.5,36,9,6.9,3,29.4,29.3,29.3,0.00
26,82,76.0,69,66,59.2,54,78,57.5,38,17,11.4,6,29.3,29.3,29.2,0.00
27,78,70.9,63,59,55.8,53,81,60.1,43,13,8.5,5,29.4,29.4,29.3,0.00
28,81,71.9,62,57,54.2,50,78,55.5,35,13,5.5,0,29.5,29.4,29.4,0.00
29,79,72.5,65,60,57.3,54,78,59.9,42,13,4.3,0,29.5,29.4,29.4,0.00
30,80,72.9,64,63,59.8,54,90,65.3,40,15,7.3,0,29.4,29.4,29.4,0.00
31,79,73.8,69,67,63.2,57,87,70.4,47,12,7.4,0,29.4,29.3,29.3,0.00
Aug,Max,Avg,Min,Max,Avg,Min,Max,Avg,Min,Max,Avg,Min,Max,Avg,Min,Total
1,84,74.5,64,66,62.2,56,90,67.4,38,16,7.3,3,29.3,29.3,29.3,0.01
2,86,77.8,70,68,64.3,60,82,64.3,44,15,9.1,0,29.3,29.3,29.3,0.04
3,88,77.2,67,68,62.3,51,93,63.1,31,14,5.7,0,29.4,29.4,29.3,0.00
4,96,84.8,73,70,66.0,62,85,56.3,32,20,10.0,5,29.4,29.4,29.3,0.00
5,95,84.0,77,70,67.2,62,76,58.8,33,20,12.3,3,29.4,29.4,29.3,0.00
6,84,77.3,73,73,69.5,65,91,77.2,67,16,7.8,3,29.4,29.4,29.3,0.07
7,85,75.2,71,73,69.8,66,97,84.4,53,10,4.6,0,29.3,29.3,29.3,0.06
8,81,74.8,70,70,67.1,65,96,78.0,58,10,4.3,0,29.3,29.3,29.3,0.63
9,91,78.1,68,71,67.0,64,90,70.5,46,17,9.4,0,29.3,29.3,29.2,0.00
10,84,77.7,72,72,69.2,67,96,76.1,58,16,7.6,0,29.3,29.3,29.3,0.07
11,88,81.6,73,68,60.9,57,82,51.0,36,14,6.3,0,29.4,29.3,29.3,0.00
12,87,79.4,70,69,60.5,51,85,55.5,32,14,6.7,0,29.5,29.4,29.4,0.00
13,87,77.8,68,70,63.0,57,94,64.0,37,13,4.4,0,29.5,29.4,29.3,0.00
14,89,80.8,70,64,61.9,60,78,54.3,38,10,5.4,0,29.3,29.3,29.3,0.00
15,85,78.9,74,72,68.5,64,85,70.9,55,15,7.3,0,29.3,29.3,29.2,0.00
16,84,76.8,73,71,69.6,68,90,79.2,61,9,4.2,0,29.3,29.3,29.2,0.13
17,82,74.8,69,72,69.0,66,97,82.8,65,15,6.4,0,29.3,29.3,29.2,0.18
18,82,76.3,72,71,68.6,65,97,78.3,58,14,8.3,3,29.4,29.3,29.3,0.06
19,85,77.3,69,71,68.0,66,93,73.8,57,15,6.7,0,29.3,29.3,29.3,0.00
20,79,74.8,71,73,68.8,64,93,82.1,68,20,10.4,0,29.3,29.2,29.1,0.00
21,79,72.8,69,70,66.9,61,100,82.7,58,22,10.1,0,29.4,29.2,29.1,0.29
22,80,70.5,60,60,51.3,46,76,53.2,31,17,9.5,0,29.5,29.4,29.4,0.03
23,81,71.8,60,56,53.5,51,83,55.1,35,15,7.1,0,29.5,29.4,29.4,0.00
24,75,67.6,64,65,59.2,55,100,75.3,55,20,11.9,6,29.4,29.3,29.3,0.00
25,87,78.0,66,76,70.5,64,96,78.8,57,14,8.8,0,29.3,29.3,29.2,0.00
26,95,84.4,75,76,74.2,70,97,73.7,46,16,10.0,3,29.4,29.3,29.3,0.00
27,96,86.0,78,76,71.5,69,81,63.4,41,25,16.8,10,29.3,29.2,29.2,0.00
28,92,79.3,69,74,71.0,68,96,76.9,54,23,12.0,5,29.4,29.3,29.2,0.00
29,75,70.5,67,69,66.2,59,97,86.5,66,21,8.7,0,29.5,29.4,29.2,0.00
30,73,67.9,65,59,55.6,52,81,65.5,49,12,8.0,0,29.6,29.5,29.5,0.02
31,86,74.5,62,72,64.8,56,91,72.9,53,28,9.8,0,29.5,29.4,29.3,0.00
Sep,Max,Avg,Min,Max,Avg,Min,Max,Avg,Min,Max,Avg,Min,Max,Avg,Min,Total
1,86,77.6,72,73,70.1,68,87,78.0,61,21,9.6,5,29.4,29.3,29.3,1.07
2,91,82.2,74,71,68.0,65,76,63.0,47,18,11.0,0,29.4,29.4,29.3,0.04
3,87,76.6,73,72,69.9,68,93,80.7,61,23,8.2,3,29.5,29.5,29.4,0.01
4,93,82.7,72,71,68.0,65,91,63.6,41,14,9.0,3,29.5,29.5,29.4,0.44
5,92,78.9,71,73,69.3,67,93,74.0,44,21,11.3,7,29.5,29.4,29.4,0.00
6,72,69.4,68,66,62.9,56,90,80.0,65,17,11.8,7,29.6,29.6,29.5,0.45
7,70,68.6,66,65,60.4,50,87,75.6,56,17,12.3,8,29.6,29.6,29.5,0.46
8,68,66.9,64,55,52.3,45,68,59.7,47,24,18.2,14,29.5,29.5,29.4,0.08
9,69,64.6,62,54,50.9,48,72,61.3,49,23,16.6,10,29.4,29.4,29.3,0.00
10,74,66.6,62,59,56.4,53,84,70.0,55,14,8.8,0,29.4,29.4,29.3,0.00
11,80,67.3,58,60,56.6,54,93,71.3,42,12,4.8,0,29.5,29.5,29.4,0.00
12,82,68.5,57,58,55.4,47,96,66.2,32,12,6.3,0,29.5,29.5,29.5,0.00
13,79,66.9,57,60,57.4,55,93,73.4,48,9,4.4,0,29.6,29.5,29.4,0.00
14,84,71.5,62,62,60.2,58,93,70.2,44,13,5.4,0,29.5,29.5,29.4,0.00
15,81,70.9,63,64,61.5,59,93,73.6,49,14,6.2,0,29.5,29.5,29.5,0.00
16,86,76.0,67,69,65.7,62,97,72.5,51,15,8.0,3,29.5,29.4,29.3,0.00
17,91,79.8,69,67,64.2,62,84,60.5,42,9,3.3,0,29.3,29.3,29.2,0.00
18,81,73.1,70,67,63.6,61,87,72.5,58,17,7.8,0,29.3,29.3,29.3,0.00
19,78,70.7,68,65,62.2,60,87,75.1,54,16,9.9,6,29.4,29.3,29.3,0.00
20,95,81.2,69,72,67.6,65,90,66.0,41,20,9.3,0,29.3,29.2,29.1,0.00
21,83,73.1,58,68,56.3,41,76,56.0,43,21,15.5,9,29.6,29.3,29.1,0.00
22,63,59.9,57,49,44.9,39,69,58.0,49,21,10.5,3,29.7,29.6,29.5,0.00
23,70,62.7,53,57,50.7,46,80,65.7,50,13,6.5,0,29.5,29.5,29.4,0.00
24,72,67.2,58,66,60.1,51,87,77.9,67,12,7.2,5,29.4,29.3,29.3,0.00
25,83,70.9,64,68,64.7,57,93,82.0,46,25,9.1,3,29.3,29.2,29.1,0.52
26,68,59.7,51,57,44.4,41,80,58.8,37,16,9.7,3,29.5,29.4,29.3,0.24
27,69,59.9,50,45,42.0,38,80,54.2,33,14,7.7,0,29.4,29.4,29.3,0.00
28,62,55.4,48,48,44.5,41,83,67.5,49,13,7.7,3,29.6,29.4,29.3,0.00
29,59,52.7,42,47,38.0,32,83,60.0,37,10,5.8,0,29.7,29.6,29.6,0.05
30,67,60.9,54,57,52.4,45,83,73.9,65,13,7.9,3,29.6,29.5,29.5,0.03
Oct,Max,Avg,Min,Max,Avg,Min,Max,Avg,Min,Max,Avg,Min,Max,Avg,Min,Total
1,76,64.1,57,64,57.9,53,93,80.9,64,20,8.2,0,29.6,29.4,29.3,0.00
2,68,63.5,59,65,58.8,54,96,84.8,70,14,6.9,0,29.4,29.4,29.3,1.39
3,88,75.7,60,68,62.8,55,90,66.1,45,28,15.4,5,29.4,29.2,29.0,0.00
4,80,61.2,53,69,50.4,41,87,67.7,57,20,15.3,8,29.5,29.4,29.1,0.06
5,66,60.5,54,63,56.0,45,93,85.7,64,14,8.5,0,29.4,29.3,29.3,0.24
6,72,64.9,58,68,60.3,50,94,85.3,72,16,8.6,0,29.5,29.3,29.2,0.00
7,63,60.5,57,62,57.0,50,97,88.3,72,13,8.3,5,29.5,29.5,29.4,0.19
8,85,74.0,64,69,64.8,62,93,74.9,49,17,9.5,6,29.4,29.4,29.3,0.84
9,86,77.5,71,68,65.3,63,84,66.9,48,16,10.2,3,29.4,29.3,29.2,0.00
10,75,69.7,53,68,63.3,43,90,80.2,65,24,13.8,7,29.2,29.0,28.9,0.09
11,52,47.1,41,42,33.7,30,69,59.9,50,22,15.8,8,29.4,29.3,29.1,1.11
12,42,39.6,36,34,31.6,30,86,73.5,65,13,8.1,0,29.4,29.3,29.3,0.00
13,52,42.1,34,36,33.7,31,92,73.9,52,15,8.0,3,29.4,29.3,29.3,0.00
14,57,48.5,40,43,39.6,35,86,72.0,59,13,5.9,0,29.4,29.4,29.3,0.00
15,48,42.4,38,43,32.0,25,89,68.4,42,18,12.1,6,29.6,29.5,29.3,0.17
16,58,46.0,34,35,30.4,28,79,57.0,35,24,12.6,7,29.6,29.5,29.3,0.00
17,51,45.8,40,35,28.6,23,68,51.9,36,17,10.9,5,29.8,29.6,29.4,0.00
18,58,47.0,35,30,27.1,25,72,48.7,30,14,7.1,0,29.9,29.8,29.6,0.00
19,53,50.0,46,48,40.3,30,89,70.6,50,21,12.6,7,29.6,29.3,29.2,0.00
20,52,43.7,34,46,29.6,18,86,58.4,43,40,18.8,8,29.6,29.3,29.2,0.06
21,50,39.9,28,25,21.6,20,72,50.1,32,17,8.7,0,29.7,29.6,29.4,0.00
22,63,49.7,38,37,32.0,25,68,52.0,34,15,7.9,5,29.4,29.4,29.3,0.00
23,53,46.7,41,36,32.8,27,79,58.9,47,15,7.5,0,29.7,29.6,29.4,0.00
24,51,44.6,38,36,34.4,31,86,68.1,54,9,4.0,0,29.8,29.7,29.6,0.00
25,51,45.7,40,36,32.7,31,79,61.2,46,9,5.7,0,29.6,29.5,29.3,0.00
26,53,49.5,47,41,38.8,36,74,66.7,57,13,8.6,3,29.3,29.2,29.1,0.00
27,53,48.9,44,42,40.1,38,90,72.5,57,9,5.3,0,29.3,29.2,29.1,0.00
28,51,47.7,44,46,41.6,39,90,79.6,66,24,13.0,6,29.3,29.1,28.9,0.14
29,56,47.2,39,42,38.3,35,89,72.4,47,10,6.7,0,29.4,29.4,29.3,0.01
30,69,57.3,45,58,49.0,37,94,74.7,57,16,7.7,3,29.4,29.2,29.1,0.00
31,60,52.9,50,54,43.8,34,93,73.1,42,13,8.0,0,29.3,29.2,29.1,0.81
Nov,Max,Avg,Min,Max,Avg,Min,Max,Avg,Min,Max,Avg,Min,Max,Avg,Min,Total
1,52,49.4,46,40,36.1,35,66,60.4,53,21,14.7,6,29.3,29.2,29.1,0.00
2,50,44.5,39,36,34.4,33,79,68.0,52,12,7.7,5,29.3,29.2,29.1,0.00
3,48,43.6,35,40,33.0,29,86,67.6,48,13,6.0,0,29.6,29.4,29.3,0.00
4,52,50.0,46,49,44.1,39,89,80.3,63,21,15.3,8,29.5,29.3,29.1,0.10
5,51,48.3,45,48,41.4,38,93,77.4,61,14,10.1,0,29.3,29.1,28.9,0.36
6,50,46.0,38,48,38.7,27,93,76.4,60,25,17.6,3,29.3,29.1,28.8,0.00
7,39,36.9,34,27,25.1,23,70,62.7,57,20,14.6,7,29.6,29.5,29.3,0.01
8,40,37.2,33,29,24.6,22,65,60.7,53,9,5.1,0,29.7,29.7,29.6,0.00
9,39,31.6,20,31,24.1,8,92,74.9,56,22,11.4,0,29.5,29.4,29.4,0.04
10,33,26.8,20,19,14.2,11,68,59.9,46,24,11.9,6,29.7,29.6,29.5,0.02
11,41,34.6,29,26,21.0,17,73,58.3,47,13,7.8,0,29.6,29.6,29.5,0.00
12,36,32.2,25,26,20.5,13,70,62.4,55,15,10.7,3,29.7,29.6,29.6,0.00
13,29,24.1,20,12,9.3,7,63,53.9,41,18,10.4,5,29.8,29.7,29.7,0.00
14,35,28.1,20,24,16.8,6,75,62.7,53,9,5.6,0,29.9,29.8,29.6,0.00
15,34,32.2,28,30,26.1,20,89,78.8,61,14,7.9,3,29.6,29.4,29.2,0.00
16,41,35.7,28,32,28.1,22,82,74.0,65,17,11.6,6,29.5,29.3,29.1,0.08
17,37,34.7,33,32,30.0,28,92,83.3,70,13,6.1,0,29.6,29.6,29.5,0.00
18,37,32.3,25,30,25.8,20,92,77.3,62,8,6.6,5,29.6,29.6,29.5,0.15
19,34,29.6,24,28,23.0,19,85,76.6,67,13,7.5,0,29.5,29.4,29.4,0.00
20,36,31.8,30,23,21.5,20,72,66.0,54,18,12.2,6,29.6,29.5,29.4,0.00
21,38,33.0,29,24,22.6,21,75,65.5,54,14,10.3,6,29.7,29.6,29.4,0.00
22,39,34.5,31,29,25.2,19,82,68.8,61,14,11.0,7,29.7,29.6,29.5,0.00
23,51,43.6,35,41,35.3,29,86,73.2,59,20,11.9,8,29.5,29.2,28.9,0.00
24,48,44.3,40,43,39.4,34,93,83.3,74,18,10.2,6,29.1,28.9,28.8,0.17
25,40,38.0,33,35,33.1,31,96,82.7,77,29,15.0,0,29.2,29.1,28.9,0.00
26,33,28.5,25,32,22.4,16,96,78.3,66,29,18.0,8,29.3,29.2,28.9,0.89
27,25,22.4,20,17,14.6,13,78,72.0,62,13,10.3,7,29.4,29.3,29.3,0.00
28,28,24.8,18,23,17.7,12,85,74.5,66,10,6.6,0,29.4,29.4,29.3,0.00
29,36,32.7,28,29,25.1,22,82,73.8,67,10,5.6,0,29.3,29.2,29.2,0.00
30,43,37.2,32,33,30.4,26,86,76.8,65,16,5.8,0,29.4,29.3,29.3,0.00
Dec,Max,Avg,Min,Max,Avg,Min,Max,Avg,Min,Max,Avg,Min,Max,Avg,Min,Total
1,46,40.5,35,44,37.6,32,93,89.5,83,23,13.3,0,29.3,28.9,28.6,0.00
2,47,41.7,36,43,37.5,30,97,85.4,71,20,9.1,0,29.1,28.8,28.6,0.85
3,36,33.2,30,30,26.9,22,89,77.6,69,24,13.7,8,29.5,29.3,29.1,0.04
4,32,30.6,28,22,20.9,17,75,67.3,59,13,9.3,7,29.6,29.5,29.4,0.00
5,32,28.6,25,25,21.1,16,85,73.9,61,17,10.3,5,29.5,29.4,29.4,0.00
6,33,28.7,20,26,17.7,11,85,64.4,47,16,10.2,6,29.8,29.6,29.4,0.00
7,27,20.8,17,14,10.0,8,74,63.3,53,17,7.8,0,29.9,29.8,29.8,0.00
8,30,25.3,21,17,14.5,11,78,63.9,53,9,4.7,0,29.9,29.9,29.8,0.00
9,35,25.5,18,21,17.7,14,85,73.6,50,7,3.5,0,29.8,29.7,29.6,0.00
10,33,25.1,18,23,18.4,13,85,76.3,54,13,6.9,0,29.6,29.6,29.4,0.00
11,39,31.7,26,27,23.9,21,82,73.4,57,14,7.9,0,29.4,29.4,29.3,0.00
12,43,36.4,30,31,26.6,22,79,67.9,55,21,12.1,3,29.3,29.2,29.1,0.00
13,43,37.7,27,38,31.7,21,93,79.7,60,12,6.2,0,29.4,29.4,29.3,0.00
14,42,39.9,35,41,38.9,34,100,96.5,93,13,7.8,3,29.6,29.5,29.4,0.36
15,48,37.1,31,35,32.7,30,100,85.9,50,14,7.7,0,29.5,29.5,29.4,0.00
16,49,35.8,29,34,31.2,29,100,85.6,48,12,6.2,0,29.5,29.4,29.4,0.00
17,40,32.8,26,29,22.9,20,96,68.8,45,14,6.7,0,29.6,29.5,29.4,0.00
18,42,32.8,22,30,26.6,22,100,79.7,57,12,6.9,0,29.6,29.5,29.3,0.00
19,49,42.2,34,41,32.9,26,79,70.0,58,17,11.3,7,29.3,29.2,29.1,0.00
20,48,44.7,39,46,41.6,37,100,89.0,76,15,8.0,0,29.1,29.0,28.9,0.00
21,40,34.1,31,38,29.2,24,93,82.3,72,21,14.9,9,29.1,29.0,28.9,0.06
22,35,31.8,30,29,25.3,23,85,77.4,72,12,7.0,0,29.4,29.3,29.2,0.00
23,39,33.9,30,28,24.9,18,85,70.7,48,23,11.6,3,29.5,29.4,29.4,0.00
24,34,29.4,25,22,17.4,14,72,61.4,50,14,7.8,0,29.6,29.6,29.5,0.00
25,46,36.7,31,34,29.1,23,92,74.6,58,10,5.3,0,29.7,29.6,29.6,0.01
26,48,38.7,29,32,29.3,26,96,70.8,48,16,5.9,0,29.8,29.7,29.6,0.00
27,53,46.1,40,51,41.9,29,97,85.9,60,23,17.1,12,29.5,29.1,28.9,0.00
28,54,36.8,29,50,32.1,26,92,83.3,73,26,17.3,10,29.5,29.2,28.9,0.52
29,30,28.7,24,28,25.4,18,96,87.5,77,18,8.0,0,29.7,29.6,29.5,0.01
30,37,28.5,21,28,20.9,16,82,73.6,56,18,11.7,7,29.5,29.4,29.3,0.00
31,41,37.9,34,40,35.7,28,100,92.4,76,22,11.1,0,29.3,29.1,28.8,0.00
Jan,Max,Avg,Min,Max,Avg,Min,Max,Avg,Min,Max,Avg,Min,Max,Avg,Min,Total
1,36,30.2,27,33,26.7,24,92,86.7,82,15,8.3,0,29.7,29.6,29.3,0.66
2,32,29.9,27,30,25.7,21,96,84.5,72,18,9.4,0,29.6,29.5,29.3,0.00
3,40,32.3,25,30,25.4,21,88,76.2,58,15,11.4,7,29.4,29.3,29.2,0.00
4,50,38.6,32,32,28.6,26,85,69.2,43,12,8.2,5,29.2,29.1,29.0,0.00
5,53,41.2,32,39,33.6,29,89,75.3,55,15,8.0,3,29.4,29.2,29.1,0.00
6,42,39.5,37,34,31.4,28,86,73.1,63,20,12.7,8,29.6,29.5,29.4,0.00
7,55,48.2,41,52,44.1,34,94,85.7,73,24,17.8,7,29.3,29.0,28.9,0.00
8,47,39.9,26,40,30.6,13,93,71.6,39,26,15.1,5,29.4,29.2,29.0,0.38
9,25,20.8,17,11,7.5,4,63,56.8,51,22,15.1,8,29.7,29.6,29.4,0.00
10,25,20.4,15,16,10.5,4,75,65.5,59,13,5.4,0,29.8,29.7,29.7,0.00
11,31,28.5,23,21,19.6,17,78,69.8,64,12,6.5,0,29.7,29.7,29.6,0.00
12,31,30.4,30,28,26.0,21,92,83.5,69,20,11.7,5,29.7,29.6,29.6,0.00
13,32,29.7,27,27,22.8,20,89,75.7,64,18,12.9,5,29.7,29.7,29.6,0.07
14,28,25.1,22,22,20.3,17,88,81.7,78,15,9.6,6,29.7,29.6,29.6,0.00
15,32,27.7,26,30,23.9,22,92,85.2,81,18,12.5,6,29.6,29.5,29.4,0.00
16,34,32.2,29,31,24.0,19,92,72.2,54,15,9.2,3,29.6,29.5,29.4,0.00
17,35,32.3,30,30,26.9,22,92,80.2,72,9,5.4,0,29.6,29.4,29.3,0.00
18,32,30.3,29,27,24.5,22,92,79.7,69,20,12.1,5,29.5,29.4,29.4,0.00
19,29,25.2,15,27,21.1,8,92,84.5,74,26,19.8,13,29.4,29.4,29.3,0.03
20,17,11.7,7,8,1.1,-3,77,62.9,54,18,14.5,9,29.8,29.6,29.4,0.01
21,15,11.1,9,5,0.2,-8,84,63.3,41,15,8.3,0,29.9,29.8,29.7,0.00
22,35,27.1,14,34,21.2,1,96,79.8,54,16,10.5,5,29.6,29.4,29.2,0.00
23,35,29.0,21,35,27.0,14,100,92.2,74,16,9.6,0,29.2,29.1,29.0,0.23
24,22,14.5,3,17,8.8,-5,88,78.2,69,23,14.2,5,29.4,29.3,29.2,0.07
25,7,2.9,-4,1,-5.0,-12,80,70.0,55,17,11.1,3,29.6,29.5,29.5,0.00
26,13,7.2,-4,8,0.3,-11,84,73.9,56,13,6.7,0,29.5,29.4,29.3,0.00
27,11,5.4,-1,-1,-4.7,-8,83,64.3,46,14,7.7,3,29.5,29.4,29.2,0.03
28,35,22.0,9,33,18.2,-1,100,85.3,56,22,15.6,9,29.2,29.0,28.8,0.15
29,11,3.3,-8,3,-6.2,-21,76,65.0,52,23,17.7,9,29.4,29.3,29.2,0.10
30,-10,-15.8,-21,-21,-26.6,-32,64,58.3,47,22,17.1,12,29.7,29.6,29.4,0.00
31,2,-7.4,-20,-4,-15.7,-25,79,67.8,49,10,5.6,0,29.8,29.7,29.6,0.00
Feb,Max,Avg,Min,Max,Avg,Min,Max,Avg,Min,Max,Avg,Min,Max,Avg,Min,Total
1,20,11.8,3,11,5.3,-2,83,75.8,65,10,6.0,3,29.7,29.6,29.6,0.03
2,41,33.3,15,37,30.3,10,100,89.4,80,14,10.7,5,29.5,29.4,29.3,0.00
3,49,43.5,39,45,42.1,39,100,94.8,83,14,10.3,5,29.2,29.2,29.1,0.00
4,51,45.1,30,50,42.7,26,100,91.6,82,15,12.0,7,29.3,29.1,29.0,0.00
5,34,31.1,27,33,26.8,20,100,84.6,70,15,9.9,0,29.5,29.4,29.3,0.02
6,38,34.5,33,35,33.3,31,100,95.4,85,13,6.8,0,29.3,29.3,29.2,0.26
7,46,32.6,11,46,30.5,3,100,92.1,67,31,12.1,0,29.4,29.1,28.9,0.33
8,15,9.8,6,2,-0.7,-4,70,62.8,54,25,19.1,9,30.1,29.8,29.4,0.13
9,25,16.7,7,15,6.3,-3,72,64.3,46,10,6.3,0,30.2,30.1,29.9,0.00
10,29,26.6,23,26,20.7,12,93,79.2,58,12,6.3,0,29.9,29.6,29.5,0.00
11,32,30.6,29,29,26.7,25,92,85.6,79,21,12.5,0,29.5,29.4,29.2,0.04
12,33,30.1,21,32,27.8,15,100,91.3,78,26,14.4,0,29.1,28.9,28.8,0.44
13,30,20.7,13,23,14.1,8,81,75.8,69,24,16.3,7,29.3,29.2,29.1,0.01
14,45,39.4,31,37,31.2,24,82,72.4,65,21,12.2,7,29.1,28.9,28.8,0.00
15,29,18.4,12,23,8.5,3,78,65.5,57,23,13.5,6,29.4,29.3,29.0,0.00
16,30,24.2,18,21,14.6,6,72,67.1,60,15,10.0,6,29.4,29.4,29.3,0.00
17,29,27.1,25,26,23.1,17,96,84.8,71,17,10.5,3,29.3,29.2,29.1,0.00
18,30,25.6,22,25,19.9,13,93,79.6,58,13,7.5,0,29.9,29.6,29.3,0.11
19,32,25.6,16,22,16.3,10,84,68.3,51,13,5.1,0,30.0,29.8,29.6,0.00
20,36,32.2,29,35,28.9,21,97,87.8,67,21,14.7,10,29.6,29.2,29.0,0.01
21,34,30.4,27,22,18.9,16,75,63.0,50,21,11.5,3,29.7,29.5,29.3,0.03
22,38,31.8,24,28,22.3,15,79,68.3,55,13,8.0,3,29.8,29.7,29.5,0.00
23,48,38.6,35,48,36.2,26,100,91.6,70,25,10.0,3,29.5,29.1,28.7,0.00
24,46,30.0,14,46,21.9,1,100,72.3,56,38,26.4,8,29.5,29.0,28.6,0.00
25,22,16.5,9,3,-1.3,-4,61,46.7,34,23,10.3,3,29.8,29.7,29.5,0.00
26,25,22.3,18,17,11.8,2,81,64.4,46,17,13.0,7,29.8,29.8,29.6,0.00
27,31,25.5,17,21,15.5,5,75,66.0,58,17,9.7,0,29.6,29.5,29.4,0.00
28,28,21.6,14,18,11.0,4,77,64.1,51,9,4.6,0,29.6,29.6,29.5,0.00
Mar,Max,Avg,Min,Max,Avg,Min,Max,Avg,Min,Max,Avg,Min,Max,Avg,Min,Total
1,34,30.3,26,24,21.1,16,72,68.5,61,9,5.7,0,29.5,29.5,29.4,0.00
2,34,29.9,28,26,21.3,15,92,71.2,48,15,8.2,0,29.6,29.5,29.4,0.00
3,28,20.1,6,19,5.9,-6,72,55.2,32,15,11.6,8,29.6,29.5,29.5,0.00
4,14,6.4,-2,-1,-6.5,-12,66,56.0,46,20,15.6,12,29.6,29.5,29.4,0.00
5,21,13.8,9,3,0.8,-2,73,57.4,40,23,16.2,12,29.6,29.5,29.4,0.00
6,31,21.3,10,12,5.6,1,70,52.3,35,21,13.0,7,29.7,29.6,29.5,0.00
7,28,23.8,17,17,12.1,8,75,61.3,53,13,6.2,0,29.7,29.7,29.6,0.00
8,39,30.8,25,27,23.5,16,85,74.7,62,9,6.3,3,29.6,29.5,29.4,0.00
9,43,37.9,29,43,33.9,25,100,86.7,58,33,15.3,5,29.4,29.0,28.7,0.00
10,38,35.6,31,33,27.5,20,86,72.9,64,30,21.6,12,29.6,29.3,28.8,0.37
11,42,33.5,28,23,19.0,15,75,56.3,41,15,9.7,3,29.7,29.7,29.6,0.00
12,48,38.6,26,29,24.9,21,81,59.7,37,16,8.8,0,29.7,29.6,29.4,0.00
13,61,48.1,41,49,40.8,27,89,76.7,51,17,11.8,9,29.3,29.2,29.0,0.15
14,63,53.9,41,57,47.6,35,93,79.6,59,28,18.2,3,28.9,28.8,28.6,0.32
15,41,37.5,34,37,31.6,21,100,80.6,50,24,16.9,12,29.5,29.2,28.9,0.32
16,43,35.0,29,24,20.6,18,76,57.3,40,14,10.2,5,29.7,29.6,29.5,0.00
17,45,36.3,30,29,22.3,15,85,60.0,31,17,6.8,0,29.6,29.6,29.5,0.00
18,43,36.5,28,26,24.1,22,85,62.4,47,15,7.6,3,29.7,29.7,29.6,0.00
19,50,41.2,31,27,24.5,21,79,54.1,35,14,8.0,5,29.7,29.7,29.6,0.00
20,45,42.1,40,41,36.3,27,93,80.4,53,15,9.3,5,29.5,29.3,29.2,0.00
21,45,39.8,37,36,34.3,31,96,81.4,60,17,10.7,7,29.4,29.3,29.2,0.08
22,45,39.0,33,33,27.2,23,79,63.8,43,21,11.7,5,29.6,29.4,29.3,0.00
23,52,40.2,27,28,25.1,23,89,58.7,34,9,3.9,0,29.7,29.6,29.5,0.00
24,51,44.2,36,42,33.9,23,89,69.2,43,18,7.8,0,29.5,29.4,29.4,0.00
25,41,36.5,32,32,22.4,10,86,59.0,31,23,16.5,8,29.7,29.6,29.5,0.11
26,45,37.0,27,24,12.9,5,76,41.9,20,10,5.7,0,29.8,29.8,29.7,0.00
27,58,45.8,31,40,22.8,13,79,41.7,30,18,11.5,0,29.7,29.6,29.4,0.00
28,65,52.5,45,45,38.9,30,74,60.5,48,18,11.7,6,29.4,29.4,29.3,0.08
29,55,46.3,40,38,33.6,29,89,62.4,45,12,8.0,5,29.4,29.4,29.2,0.01
30,43,38.6,32,38,31.8,22,93,77.9,47,23,13.7,7,29.4,29.2,29.1,0.61
31,39,31.5,25,24,12.6,6,82,47.4,32,18,12.8,5,29.7,29.6,29.5,0.00
Apr,Max,Avg,Min,Max,Avg,Min,Max,Avg,Min,Max,Avg,Min,Max,Avg,Min,Total
1,48,38.9,28,30,22.8,16,69,53.4,39,23,12.7,5,29.7,29.6,29.4,0.00
2,56,44.9,38,36,30.8,26,70,59.1,32,24,14.3,8,29.4,29.3,29.3,0.00
3,59,48.8,38,38,28.9,20,73,49.4,26,17,9.8,0,29.6,29.6,29.4,0.00
4,49,44.4,40,43,40.7,38,93,87.1,71,16,11.0,0,29.7,29.6,29.5,0.16
5,55,47.3,41,46,40.4,37,89,77.6,64,12,3.9,0,29.5,29.4,29.4,0.16
6,64,51.6,42,49,44.9,40,97,79.5,58,14,4.7,0,29.5,29.4,29.4,0.00
7,70,61.6,54,59,52.1,46,84,71.3,63,22,10.4,3,29.4,29.2,29.1,0.00
8,73,63.6,53,53,44.6,31,93,56.2,21,15,8.2,0,29.2,29.2,29.1,0.08
9,66,58.0,44,41,33.5,26,69,42.6,23,28,12.7,3,29.3,29.2,29.1,0.00
10,42,38.8,36,36,32.6,28,89,78.5,62,25,16.7,12,29.4,29.3,29.2,0.00
11,61,49.0,39,52,39.8,32,96,71.9,49,24,13.9,0,29.2,29.0,28.8,0.06
12,54,48.3,40,52,32.3,24,93,56.3,38,30,17.8,0,29.3,29.1,28.9,0.47
13,53,44.2,37,28,24.9,22,57,47.6,35,16,12.8,9,29.4,29.4,29.3,0.00
14,40,34.3,33,33,31.1,25,96,88.9,55,24,17.1,10,29.3,29.1,28.9,0.05
15,53,42.1,32,37,30.5,26,96,66.8,41,14,8.7,5,29.4,29.3,29.1,0.40
16,75,58.0,48,52,44.3,37,80,61.6,44,16,10.6,5,29.3,29.3,29.2,0.00
17,76,62.3,47,58,49.3,42,86,65.3,42,22,11.8,3,29.3,29.1,28.9,0.00
18,65,53.4,44,59,48.8,37,97,84.5,73,18,11.6,5,29.1,29.0,28.9,0.08
19,49,44.1,41,37,32.4,20,79,65.3,35,30,21.7,14,29.2,29.1,29.1,0.44
20,64,51.8,42,28,17.4,6,55,30.0,10,25,14.6,0,29.2,29.2,29.1,0.00
21,78,63.0,46,38,29.4,18,40,28.9,22,15,8.1,3,29.4,29.3,29.2,0.00
22,80,68.8,59,57,47.0,36,68,46.6,36,23,13.0,7,29.4,29.3,29.2,0.00
23,66,56.2,51,58,47.0,39,90,71.7,59,17,9.8,0,29.4,29.3,29.2,0.19
24,63,55.4,46,40,36.5,31,73,50.6,37,13,5.8,0,29.4,29.3,29.2,0.00
25,65,57.3,50,48,39.6,31,83,52.8,39,25,6.2,0,29.2,29.1,29.0,0.00
26,64,56.2,50,48,34.6,23,89,50.0,26,23,16.4,7,29.3,29.1,29.0,0.06
27,50,36.5,33,36,32.4,26,100,87.3,39,24,12.1,5,29.3,29.2,29.1,0.00
28,51,43.4,34,35,26.6,17,93,55.7,26,18,11.8,5,29.6,29.5,29.3,0.85
29,52,47.9,44,48,43.7,36,96,85.7,63,23,11.1,3,29.5,29.4,29.3,0.40
30,50,45.1,40,49,43.8,39,100,95.1,86,18,10.9,5,29.6,29.5,29.3,0.00
May,Max,Avg,Min,Max,Avg,Min,Max,Avg,Min,Max,Avg,Min,Max,Avg,Min,Total
1,60,52.4,45,59,50.0,43,100,91.9,75,22,9.6,3,29.4,29.3,29.1,0.00
2,49,44.8,43,47,43.3,42,100,94.6,90,14,8.7,3,29.4,29.4,29.4,0.04
3,56,48.5,45,43,39.9,36,93,73.5,51,17,10.9,5,29.4,29.4,29.4,0.00
4,61,51.4,43,40,37.8,34,85,62.0,41,13,6.7,0,29.4,29.3,29.3,0.02
5,74,61.3,45,51,42.1,36,74,51.3,36,14,6.4,0,29.3,29.2,29.2,0.00
6,72,57.2,47,51,45.8,38,80,66.8,44,16,9.2,0,29.4,29.3,29.2,0.00
7,49,46.8,45,45,41.4,33,97,82.8,61,20,12.1,7,29.6,29.5,29.4,0.41
8,74,58.8,47,59,47.0,35,87,65.8,52,20,12.7,7,29.5,29.3,29.1,0.10
9,69,60.7,50,64,56.5,41,100,86.8,64,20,10.2,0,29.3,29.1,29.0,0.00
10,55,48.8,46,41,37.3,35,76,65.2,49,15,9.2,3,29.5,29.4,29.3,0.00
11,53,47.7,45,41,38.1,32,82,70.0,45,16,8.3,0,29.5,29.4,29.3,0.00
12,52,46.7,43,40,38.0,36,86,72.6,54,16,11.2,5,29.3,29.2,29.2,0.07
13,60,51.6,44,41,38.3,36,86,62.0,42,16,8.3,0,29.3,29.3,29.2,0.08
14,69,58.2,44,41,36.0,31,82,47.8,26,15,4.9,0,29.4,29.3,29.3,0.00
15,75,65.2,52,50,46.0,36,77,51.5,36,7,3.8,0,29.3,29.3,29.2,0.00
16,76,67.8,59,66,59.6,49,88,75.2,58,15,8.6,0,29.2,29.1,29.0,0.00
17,69,54.7,46,67,48.7,39,93,80.4,66,21,11.3,3,29.3,29.2,29.0,0.28
18,83,61.3,45,64,53.8,40,93,78.3,45,26,8.2,0,29.2,29.1,29.0,0.13
19,73,65.7,53,63,57.7,50,97,76.1,57,29,15.7,3,29.1,29.0,28.9,0.47
20,57,51.3,48,48,40.6,34,80,67.0,56,20,11.5,0,29.5,29.4,29.2,0.29
21,56,50.9,46,46,42.0,35,93,72.6,57,23,14.3,5,29.5,29.4,29.2,0.05
22,82,63.0,51,65,54.6,44,100,77.6,38,23,12.1,0,29.3,29.2,29.1,0.79
23,76,70.4,65,68,54.9,46,93,60.8,38,20,13.0,0,29.4,29.3,29.2,0.00
24,78,64.8,56,68,55.4,47,90,72.1,59,15,8.6,3,29.5,29.4,29.2,0.06
25,83,77.3,72,68,65.0,62,84,66.5,53,18,11.8,6,29.3,29.3,29.2,0.05
26,75,67.3,56,66,56.3,47,81,68.2,53,13,7.1,0,29.4,29.4,29.3,0.00
27,75,65.2,55,68,60.1,46,100,84.7,56,21,8.8,0,29.4,29.2,29.0,0.01
28,71,60.2,52,67,56.1,50,100,87.0,71,28,10.2,0,29.2,29.1,29.0,1.28
29,74,60.3,52,61,55.5,52,100,85.3,64,18,7.8,3,29.1,29.1,29.0,0.00
30,79,68.3,62,62,58.2,54,96,71.6,50,17,6.5,0,29.2,29.1,29.0,0.13
31,82,72.8,61,63,59.3,56,87,64.3,44,17,9.4,0,29.2,29.2,29.1,0.00
Jun,Max,Avg,Min,Max,Avg,Min,Max,Avg,Min,Max,Avg,Min,Max,Avg,Min,Total
1,80,67.8,55,64,59.0,47,90,74.2,54,26,9.1,0,29.1,29.1,29.0,0.00
2,69,61.5,54,48,42.8,37,69,51.4,35,17,8.8,3,29.3,29.3,29.2,0.03
3,67,58.7,51,48,40.7,37,74,52.3,41,12,8.4,0,29.5,29.4,29.4,0.00
4,83,71.1,60,65,56.6,49,90,61.5,38,17,9.8,3,29.4,29.3,29.1,0.00
5,84,72.4,60,69,64.4,57,97,77.7,49,15,9.7,3,29.2,29.1,29.0,0.53
6,75,64.8,57,63,58.1,56,96,79.9,64,10,6.5,0,29.3,29.2,29.2,0.01
7,80,68.5,57,62,56.8,51,93,67.5,48,17,9.6,3,29.3,29.3,29.3,0.00
8,78,70.3,61,60,54.7,51,78,58.4,46,16,10.6,5,29.3,29.3,29.3,0.00
9,72,68.7,66,68,62.8,54,97,82.1,63,12,6.4,0,29.3,29.3,29.3,0.00
10,75,67.5,62,65,50.9,39,97,59.9,28,21,12.6,0,29.5,29.4,29.3,0.03
11,82,71.9,58,47,42.9,38,65,38.1,22,14,8.8,5,29.5,29.4,29.4,0.00
12,73,65.7,58,58,52.0,45,97,64.4,39,14,10.1,3,29.3,29.2,29.1,0.00
13,68,59.5,53,53,44.5,38,90,60.9,34,26,15.7,5,29.4,29.2,29.1,0.72
14,80,67.3,53,57,46.8,42,81,50.5,28,25,13.5,6,29.4,29.3,29.2,0.00
15,71,65.2,57,68,61.3,54,100,87.8,68,16,8.4,0,29.2,29.1,29.1,0.04
16,65,59.1,56,60,56.1,53,100,90.2,75,15,7.4,0,29.3,29.2,29.0,0.00
17,68,60.4,56,58,55.0,52,93,83.0,68,9,7.0,5,29.4,29.3,29.3,0.00
18,79,65.0,57,61,58.0,54,97,80.3,46,9,4.3,0,29.3,29.3,29.2,0.00
19,74,63.4,56,62,57.8,54,97,82.8,64,15,8.9,0,29.2,29.1,29.0,0.00
20,70,60.7,56,60,56.5,49,100,87.1,65,17,11.1,3,29.3,29.1,28.9,0.50
21,72,63.3,53,53,47.9,45,89,59.6,41,14,6.3,0,29.4,29.3,29.3,0.01
22,81,72.0,62,64,58.9,50,78,63.9,54,20,10.2,6,29.4,29.3,29.3,0.00
23,82,74.1,66,72,67.0,57,96,78.8,66,17,9.3,0,29.3,29.2,29.0,0.12
24,78,72.4,68,70,66.7,56,96,82.8,53,22,11.7,6,29.1,29.0,28.9,0.13
25,85,76.5,63,62,60.7,59,87,60.4,41,25,13.1,6,29.3,29.2,29.1,0.05
26,89,77.9,70,66,62.9,59,84,61.8,39,12,7.2,3,29.4,29.4,29.3,0.00
27,90,77.9,69,71,66.5,63,87,69.4,46,21,9.0,6,29.5,29.5,29.4,0.16
28,90,80.0,72,72,67.8,63,87,67.3,48,15,8.7,3,29.5,29.4,29.4,0.00
29,86,79.3,72,69,67.0,63,84,66.7,55,13,6.7,0,29.4,29.4,29.4,0.45
30,89,77.7,73,70,67.6,63,90,72.1,52,29,9.1,0,29.4,29.4,29.2,0.00
Jul,Max,Avg,Min,Max,Avg,Min,Max,Avg,Min,Max,Avg,Min,Max,Avg,Min,Total
1,89,81.1,70,72,68.8,66,97,68.0,48,12,7.5,3,29.4,29.3,29.3,0.26
2,92,82.4,72,74,71.8,69,97,72.0,47,22,10.9,3,29.3,29.2,29.1,0.00
3,85,76.7,71,73,69.8,67,97,80.3,58,14,6.7,0,29.3,29.2,29.2,1.34
4,91,80.4,71,72,70.2,69,96,72.7,50,13,7.2,0,29.3,29.3,29.2,0.01
5,92,83.5,76,73,71.8,70,91,69.0,50,13,7.0,0,29.4,29.3,29.3,0.00
6,85,77.1,70,73,67.1,59,91,71.6,54,20,10.7,0,29.4,29.3,29.3,0.00
7,78,72.0,68,64,58.1,50,87,63.1,43,17,13.0,7,29.4,29.4,29.3,0.00
8,82,73.3,66,62,55.3,49,78,53.8,44,13,7.7,5,29.4,29.4,29.4,0.00
9,89,78.8,68,64,60.8,57,87,56.5,34,12,6.8,0,29.4,29.3,29.3,0.00
10,95,85.6,76,75,67.5,59,85,57.1,34,15,10.6,7,29.3,29.2,29.2,0.00
11,81,75.8,69,65,62.0,58,73,62.8,49,14,8.4,3,29.3,29.3,29.2,0.00
12,87,76.3,62,62,57.8,51,86,55.1,38,12,5.6,0,29.3,29.3,29.3,0.00
13,93,81.9,73,74,67.2,63,91,62.3,44,17,10.1,6,29.4,29.3,29.3,0.00
14,88,80.4,73,69,65.3,62,79,60.7,44,15,7.6,0,29.4,29.4,29.4,0.14
15,91,82.6,75,70,66.1,62,82,58.8,42,22,13.0,6,29.4,29.4,29.3,0.00
16,82,77.1,72,75,72.2,63,97,85.0,58,14,6.6,0,29.3,29.3,29.2,0.07
17,90,81.7,75,74,72.2,69,94,74.1,55,12,5.7,0,29.3,29.2,29.2,0.08
18,88,77.7,71,79,73.9,71,100,88.8,69,21,10.2,0,29.3,29.2,29.1,0.28
19,94,87.1,81,79,77.8,76,91,74.7,62,17,12.8,8,29.2,29.2,29.1,1.43
20,96,83.7,76,79,73.8,69,85,72.6,51,23,14.1,3,29.3,29.2,29.2,0.01
21,80,74.2,71,72,67.3,56,97,80.1,52,18,10.9,5,29.3,29.3,29.2,0.00
22,75,70.7,64,64,54.2,45,87,57.7,35,22,13.8,6,29.4,29.4,29.3,0.32
23,80,71.3,62,61,56.3,52,75,60.1,42,16,8.1,0,29.4,29.4,29.4,0.00
24,79,72.5,62,60,51.8,45,86,51.7,30,12,5.4,0,29.5,29.5,29.4,0.00
25,84,75.3,64,59,55.5,52,70,51.2,38,10,5.8,0,29.6,29.5,29.5,0.00
26,85,77.2,68,64,61.7,59,73,59.4,46,17,10.0,5,29.6,29.5,29.4,0.00
27,89,80.6,72,65,64.3,63,73,58.4,45,20,13.5,8,29.5,29.4,29.4,0.00
28,90,81.7,73,69,66.6,64,81,61.5,42,20,11.7,6,29.4,29.4,29.3,0.00
29,82,75.9,72,73,69.9,66,96,82.0,66,16,10.4,0,29.3,29.2,29.2,0.00
30,78,72.4,67,65,61.7,57,90,69.6,57,13,8.5,3,29.4,29.3,29.3,0.68
31,76,69.9,64,60,54.7,50,87,60.1,43,15,9.4,5,29.5,29.5,29.4,0.00
Aug,Max,Avg,Min,Max,Avg,Min,Max,Avg,Min,Max,Avg,Min,Max,Avg,Min,Total
1,80,71.7,61,61,56.0,51,83,59.1,42,13,6.4,0,29.5,29.5,29.5,0.00
2,82,74.6,64,64,58.6,51,87,60.0,37,12,6.2,0,29.5,29.5,29.4,0.00
3,88,77.6,64,65,58.4,49,96,55.5,32,10,4.2,0,29.4,29.4,29.3,0.00
4,85,78.7,74,68,65.3,56,82,63.9,46,10,6.0,0,29.4,29.4,29.3,0.00
5,90,81.3,72,68,65.0,62,84,59.5,39,16,7.4,0,29.4,29.3,29.2,0.00
6,84,74.9,70,70,66.3,63,96,75.4,49,15,8.0,0,29.2,29.2,29.1,0.27
7,87,78.7,69,66,62.8,59,90,60.8,40,16,8.0,0,29.2,29.2,29.1,0.00
8,87,79.0,73,67,58.9,47,81,52.7,25,20,10.9,0,29.3,29.2,29.1,0.00
9,82,73.4,63,59,54.9,51,75,53.9,34,10,5.6,0,29.3,29.3,29.3,0.00
10,84,75.5,68,59,56.9,55,68,53.1,37,13,6.4,0,29.4,29.3,29.3,0.00
11,83,76.0,70,71,63.7,56,87,66.4,50,13,8.2,3,29.4,29.3,29.3,0.00
12,83,76.1,73,74,72.2,70,97,88.2,65,17,5.3,0,29.3,29.2,29.1,0.00
13,84,75.5,71,72,69.9,67,97,83.7,61,14,6.9,0,29.3,29.2,29.1,0.54
14,82,73.3,67,69,66.4,63,97,79.6,58,20,8.2,0,29.3,29.3,29.2,0.23
15,78,71.2,65,64,61.4,59,93,72.5,56,14,8.2,0,29.3,29.3,29.3,0.45
16,84,74.4,65,67,63.8,59,87,70.4,56,18,9.2,3,29.3,29.2,29.2,0.00
17,78,74.3,70,72,69.0,66,93,83.5,74,9,6.0,0,29.3,29.2,29.2,0.00
18,83,74.5,69,70,68.4,65,100,82.6,62,21,8.0,0,29.3,29.2,29.1,0.07
19,84,78.5,72,73,69.8,67,91,75.3,58,10,4.5,0,29.4,29.3,29.3,1.37
20,78,74.2,70,75,70.0,65,93,87.2,69,15,5.4,0,29.4,29.3,29.2,0.00
21,83,75.3,65,71,67.8,63,93,78.3,63,15,7.3,0,29.3,29.3,29.2,0.00
22,78,72.9,69,65,58.6,51,78,61.3,46,18,10.5,3,29.4,29.3,29.3,0.00
23,74,70.2,67,57,53.7,51,68,56.3,45,17,10.9,7,29.6,29.5,29.4,0.00
24,74,69.7,64,57,52.1,48,70,54.4,40,15,9.9,3,29.6,29.6,29.5,0.00
25,77,70.9,63,59,53.5,48,70,54.9,40,15,10.3,5,29.5,29.4,29.3,0.00
26,78,71.7,66,73,66.7,58,94,84.6,63,18,11.2,6,29.3,29.1,29.0,0.13
27,80,72.6,66,67,60.9,54,93,68.8,45,15,10.5,6,29.2,29.2,29.1,0.45
28,76,68.8,61,54,52.1,50,70,56.5,40,22,12.8,6,29.3,29.3,29.2,0.00
29,85,73.4,60,68,59.7,53,83,63.5,44,25,13.6,5,29.3,29.3,29.1,0.00
30,74,68.8,63,53,51.0,49,70,53.6,41,10,6.8,0,29.6,29.4,29.3,0.00
31,75,68.7,64,62,54.5,50,81,61.1,48,17,9.9,6,29.6,29.6,29.5,0.00
Sep,Max,Avg,Min,Max,Avg,Min,Max,Avg,Min,Max,Avg,Min,Max,Avg,Min,Total
1,72,67.5,62,63,61.0,58,97,80.0,68,14,4.7,0,29.5,29.4,29.4,0.78
2,83,73.1,62,64,62.8,60,97,71.8,51,9,5.6,0,29.4,29.4,29.4,0.00
3,81,73.5,68,74,66.1,57,90,77.8,57,25,12.5,0,29.4,29.2,29.1,0.00
4,69,65.8,62,56,54.4,52,75,66.5,58,13,9.4,5,29.5,29.4,29.3,0.17
5,72,65.2,57,56,52.3,50,78,63.6,48,10,4.8,0,29.5,29.4,29.3,0.00
6,74,68.8,65,64,59.1,56,81,71.4,63,17,11.1,5,29.4,29.3,29.2,0.00
7,79,68.7,58,59,56.4,54,90,66.5,46,16,8.9,5,29.4,29.4,29.3,0.00
8,67,65.0,63,59,55.5,50,87,71.5,56,13,8.4,5,29.5,29.4,29.4,0.00
9,78,69.1,63,67,62.1,58,90,78.9,66,12,7.0,0,29.5,29.5,29.4,0.05
10,90,81.0,73,72,68.8,65,81,67.0,52,20,11.0,0,29.4,29.4,29.4,0.00
11,90,80.5,71,73,71.1,65,90,73.8,52,20,10.6,5,29.5,29.4,29.3,0.00
12,81,72.7,68,71,68.2,66,96,86.1,69,14,7.0,0,29.5,29.4,29.3,0.37
13,79,72.3,62,71,64.6,53,97,77.8,57,23,10.6,0,29.5,29.4,29.3,0.63
14,81,70.5,58,61,57.4,54,90,64.8,45,14,7.9,3,29.6,29.5,29.4,0.01
15,77,70.3,64,70,64.5,58,96,82.2,64,17,11.3,3,29.5,29.4,29.3,0.00
16,75,70.7,67,69,66.7,64,93,87.4,69,12,6.6,0,29.5,29.4,29.4,0.15
17,78,70.8,66,67,64.8,62,96,81.9,64,12,7.3,3,29.5,29.5,29.4,0.00
18,83,73.5,64,63,60.5,58,84,65.2,46,12,8.5,5,29.5,29.4,29.4,0.00
19,84,74.3,65,61,58.1,54,70,57.7,43,10,6.0,3,29.4,29.4,29.4,0.00
20,85,77.1,69,69,66.6,62,93,70.8,55,8,4.3,0,29.5,29.4,29.4,0.01
21,80,75.4,72,70,68.3,67,91,78.7,67,18,12.0,6,29.4,29.4,29.3,0.00
22,78,72.1,68,70,68.2,64,96,87.8,64,20,11.2,6,29.3,29.2,29.1,0.55
23,74,67.3,62,65,56.0,49,93,69.6,41,17,9.9,5,29.4,29.3,29.2,0.50
24,79,69.3,59,59,56.0,54,83,64.0,47,17,11.3,0,29.4,29.3,29.1,0.00
25,79,70.4,66,64,56.0,49,78,61.6,40,17,13.2,9,29.2,29.1,29.0,0.00
26,72,65.7,57,51,44.7,41,69,48.3,33,14,9.5,5,29.3,29.3,29.2,0.00
27,71,66.0,61,69,56.9,42,96,75.0,44,21,11.4,5,29.3,29.1,29.0,0.00
28,68,62.6,59,67,60.0,53,100,91.2,78,16,10.6,5,29.5,29.4,29.1,0.00
29,69,64.9,62,66,62.7,59,100,92.4,84,15,8.9,3,29.5,29.5,29.4,0.73
30,86,74.2,65,71,67.4,65,100,81.7,57,18,6.4,0,29.4,29.4,29.3,0.10
Oct,Max,Avg,Min,Max,Avg,Min,Max,Avg,Min,Max,Avg,Min,Max,Avg,Min,Total
1,88,80.3,72,72,69.2,66,84,69.4,59,13,10.3,6,29.3,29.3,29.2,0.00
2,81,63.2,60,68,60.8,58,100,92.1,65,14,9.4,3,29.3,29.3,29.2,0.00
3,68,62.1,53,63,55.9,43,100,81.3,61,20,9.8,0,29.6,29.4,29.2,0.59
4,59,54.0,48,50,44.8,41,83,71.6,57,16,11.2,8,29.7,29.7,29.6,0.00
5,65,57.0,49,55,48.8,44,90,74.9,56,15,9.9,0,29.6,29.4,29.2,0.00
6,68,60.1,51,56,45.0,40,87,59.8,36,17,9.6,5,29.5,29.4,29.3,0.28
7,71,60.0,50,46,43.1,39,83,56.7,31,14,6.5,0,29.5,29.5,29.5,0.00
8,71,60.2,50,51,44.2,40,83,58.6,32,9,4.9,0,29.6,29.5,29.5,0.00
9,71,62.0,54,52,44.9,42,70,54.5,38,14,8.7,3,29.5,29.5,29.4,0.00
10,71,63.8,55,63,54.9,45,87,73.0,56,15,8.7,3,29.4,29.4,29.2,0.00
11,68,54.3,40,64,48.5,24,97,81.2,53,20,14.0,7,29.4,29.3,29.2,0.11
12,55,46.2,37,33,27.5,24,67,49.4,35,24,16.8,9,29.4,29.3,29.2,0.45
13,55,47.3,39,34,32.4,31,77,57.5,42,23,12.5,3,29.3,29.2,29.1,0.00
14,55,47.0,39,34,32.1,30,73,56.9,45,13,7.6,3,29.4,29.4,29.3,0.00
15,65,54.2,43,59,44.2,34,93,69.7,53,23,12.0,3,29.4,29.2,29.0,0.00
16,52,48.0,44,37,35.6,34,71,62.7,50,24,14.0,6,29.3,29.2,29.1,0.01
17,55,47.3,42,40,37.4,35,82,69.3,51,10,5.5,0,29.4,29.4,29.3,0.00
18,60,50.4,41,40,38.6,37,86,65.7,46,13,6.3,0,29.4,29.3,29.3,0.00
19,70,58.1,46,48,41.3,38,76,55.5,35,14,8.7,5,29.2,29.1,29.1,0.00
20,59,54.1,50,52,49.2,48,100,83.8,69,12,7.5,0,29.3,29.2,29.1,0.00
21,67,58.8,53,59,50.5,38,96,75.7,42,28,16.0,0,29.2,28.9,28.8,0.00
22,53,49.5,46,42,38.6,31,80,66.5,54,24,18.0,12,29.1,29.0,28.8,0.08
23,60,50.3,41,46,36.2,30,80,59.3,42,15,9.2,0,29.3,29.3,29.2,0.05
24,51,47.0,43,44,38.3,34,89,72.7,52,13,6.5,0,29.7,29.6,29.3,0.01
25,50,46.4,43,38,35.6,31,80,66.5,52,8,4.2,0,29.7,29.6,29.5,0.00
26,51,46.6,40,49,43.2,36,97,88.4,74,22,13.1,0,29.5,29.1,28.7,0.00
27,58,50.5,44,47,42.5,36,96,76.2,47,23,11.8,6,29.3,29.1,28.8,2.29
28,52,47.6,42,46,41.9,40,93,81.2,66,8,4.8,0,29.4,29.4,29.3,0.00
29,48,40.4,37,44,35.5,28,93,83.3,65,20,9.5,0,29.6,29.5,29.3,0.11
30,43,39.3,33,40,36.4,29,97,89.5,67,20,11.5,6,29.6,29.5,29.3,0.51
31,39,33.2,28,37,30.3,22,97,89.2,75,22,16.4,9,29.5,29.2,29.1,0.49
Nov,Max,Avg,Min,Max,Avg,Min,Max,Avg,Min,Max,Avg,Min,Max,Avg,Min,Total
1,46,35.4,25,33,26.7,21,88,72.6,46,15,10.2,5,29.6,29.5,29.5,0.02
2,45,39.1,34,36,30.4,24,93,72.4,55,20,11.4,7,29.5,29.4,29.4,0.00
3,53,43.0,32,36,30.5,26,85,63.2,43,17,9.9,3,29.5,29.4,29.3,0.00
4,52,46.8,39,38,34.0,29,73,61.3,54,15,10.5,5,29.5,29.3,29.2,0.00
5,42,37.0,32,28,22.3,16,76,56.9,36,18,9.7,3,29.7,29.6,29.5,0.00
6,57,40.0,31,35,28.4,21,89,65.1,39,22,12.9,0,29.7,29.6,29.5,0.00
7,32,27.8,22,27,14.0,7,86,57.7,38,18,13.4,8,29.8,29.7,29.7,0.00
8,32,25.7,18,11,8.5,6,68,49.5,34,12,8.1,5,29.8,29.7,29.6,0.00
9,47,38.8,28,31,22.6,12,60,52.2,46,17,10.8,5,29.5,29.3,29.2,0.00
10,44,40.7,36,35,32.8,30,93,73.6,60,14,9.1,3,29.5,29.4,29.2,0.00
11,37,26.1,15,35,20.6,3,96,80.3,56,24,16.8,8,29.7,29.6,29.4,0.13
12,18,13.7,9,3,0.6,-1,67,56.6,45,20,10.8,5,29.8,29.8,29.7,0.02
13,27,20.7,13,20,8.0,1,75,58.3,46,20,12.7,7,29.7,29.5,29.4,0.00
14,32,28.3,25,22,20.6,17,81,73.0,64,14,7.8,3,29.6,29.6,29.4,0.00
15,38,30.5,22,28,22.5,17,85,72.9,62,9,4.9,0,29.7,29.7,29.6,0.00
16,42,34.9,30,30,27.1,24,89,73.9,55,13,7.2,0,29.8,29.7,29.5,0.00
17,42,35.6,29,36,29.1,24,93,77.9,62,9,6.5,3,29.5,29.3,29.1,0.00
18,41,37.8,36,37,33.4,31,100,84.6,73,10,6.3,0,29.1,29.1,29.1,0.00
19,41,39.4,36,39,35.0,30,97,84.5,76,6,3.7,0,29.3,29.2,29.1,0.00
20,49,43.2,40,39,37.7,36,93,81.7,64,15,6.2,0,29.5,29.5,29.4,0.03
21,56,48.5,40,52,42.8,31,90,81.0,67,29,17.4,9,29.4,29.2,29.0,0.18
22,39,34.1,29,29,24.2,22,82,67.3,55,17,7.5,0,29.6,29.5,29.4,0.31
23,40,33.2,28,28,26.3,24,85,76.1,60,13,6.9,0,29.4,29.2,29.0,0.00
24,50,42.6,33,39,33.6,27,89,71.5,57,14,10.3,6,29.1,29.0,28.9,0.00
25,55,44.8,38,40,36.6,33,86,73.7,57,13,7.4,5,29.1,29.0,28.9,0.00
26,54,44.2,34,52,39.5,30,96,84.3,63,14,8.1,0,29.2,29.0,28.8,0.00
27,56,44.0,34,54,36.2,23,94,74.1,61,38,21.8,12,29.6,29.0,28.6,0.49
28,38,35.4,32,34,27.7,22,93,74.0,64,18,8.7,5,29.8,29.8,29.6,0.00
29,40,37.6,35,36,34.0,33,96,87.1,79,14,6.3,0,29.7,29.6,29.4,0.01
30,41,38.6,36,40,35.6,33,97,89.4,79,21,13.7,3,29.4,29.1,28.8,0.02
Dec,Max,Avg,Min,Max,Avg,Min,Max,Avg,Min,Max,Avg,Min,Max,Avg,Min,Total
1,43,38.9,33,42,35.6,28,100,88.2,76,18,11.6,0,29.1,28.8,28.6,0.16
2,36,32.6,30,28,25.1,22,85,74.0,64,18,10.8,5,29.4,29.3,29.1,0.06
3,40,34.4,30,32,27.8,25,88,77.2,63,18,12.6,9,29.3,29.1,28.9,0.00
4,44,37.3,32,30,27.4,26,82,68.3,49,22,12.2,5,29.3,29.1,28.9,0.00
5,46,38.8,28,36,30.0,25,92,71.9,53,12,6.2,0,29.4,29.3,29.3,0.00
6,43,36.1,29,36,26.5,22,82,68.8,55,20,10.5,0,29.7,29.6,29.3,0.00
7,39,33.3,27,26,23.8,21,85,69.0,53,14,8.1,0,29.7,29.6,29.5,0.00
8,48,42.8,35,43,36.1,23,86,77.3,57,17,11.0,3,29.4,29.2,29.1,0.00
9,49,42.9,25,46,38.9,17,97,86.1,71,26,14.3,6,29.2,28.9,28.8,0.01
10,24,19.5,16,16,8.2,3,74,62.3,42,17,14.0,10,29.6,29.5,29.2,0.01
11,25,19.4,14,13,9.4,4,81,65.8,51,21,9.6,3,29.8,29.7,29.6,0.00
12,45,34.7,21,28,22.9,14,78,63.0,49,21,12.9,7,29.8,29.5,29.4,0.00
13,45,39.0,36,30,28.1,27,76,65.3,52,10,5.2,0,29.3,29.2,29.1,0.00
14,35,31.9,26,30,25.6,16,89,77.8,64,17,9.2,0,29.2,29.1,29.0,0.00
15,27,24.3,20,22,15.4,13,88,69.2,61,14,6.5,0,29.5,29.4,29.3,0.00
16,31,28.7,26,25,22.9,20,84,79.0,69,14,8.2,3,29.5,29.5,29.4,0.00
17,30,25.9,20,22,18.7,16,85,74.6,59,21,12.4,7,29.5,29.4,29.4,0.00
18,27,19.0,14,20,1.4,-7,75,48.1,31,17,9.8,0,29.7,29.6,29.4,0.00
19,37,27.1,16,25,15.4,1,84,62.3,48,17,9.5,0,29.7,29.6,29.5,0.00
20,41,33.0,25,29,25.6,21,88,74.8,62,9,5.3,0,29.8,29.7,29.7,0.00
21,48,39.3,32,32,29.3,26,82,68.3,52,13,8.7,6,29.7,29.6,29.6,0.00
22,53,41.1,32,35,30.0,25,79,65.8,45,13,9.2,5,29.6,29.5,29.4,0.00
23,53,42.8,36,35,32.5,29,86,68.0,48,15,7.5,0,29.4,29.4,29.4,0.00
24,55,38.2,28,43,34.2,28,100,87.1,52,13,4.9,0,29.4,29.4,29.3,0.00
25,60,50.8,40,48,41.7,34,86,71.5,55,16,10.0,5,29.3,29.2,29.2,0.00
26,62,53.3,40,51,46.4,35,89,78.0,65,15,10.8,6,29.4,29.3,29.2,0.00
27,39,35.0,31,34,29.2,27,85,79.7,73,16,8.4,0,29.6,29.6,29.4,0.00
28,51,40.9,31,49,36.2,27,93,83.7,76,14,9.1,0,29.6,29.4,29.1,0.00
29,58,54.7,48,57,51.9,45,100,90.6,78,20,11.4,7,29.1,28.9,28.8,0.76
30,48,34.3,28,46,29.0,23,93,81.0,69,28,18.9,7,28.9,28.8,28.7,0.00
31,29,27.6,26,23,20.3,17,81,74.0,66,30,17.3,8,29.2,29.1,28.9,0.01
