Date,Max_temp_f,Avg_temp_f,Min_temp_f,Max_dew,Avg_dew,Min_dew,Max_humidity%,Avg_humidity%,Min_humidity%,Max_windspeed_mph,Avg_windspeed_mph,Min_windspeed_mph,Max_pressure,Avg_pressure,Min_pressure,Precipitation
1/1/18,3,-2.7,-7,-9,-12.5,-16,76,63.4,55,13,10.5,7,30,30,30,0
1/2/18,7,-0.8,-9,-1,-8.8,-15,79,69.4,57,17,11.6,7,30,29.8,29.4,0
1/3/18,18,14.2,8,11,5.3,-2,81,68,59,17,12.6,9,29.5,29.4,29.4,0
1/4/18,13,6.2,2,-2,-4.1,-6,73,63.1,49,15,11.5,5,29.6,29.6,29.5,0
1/5/18,11,5.4,0,-4,-5.6,-7,76,61.5,47,20,10.5,6,29.8,29.7,29.6,0
1/6/18,16,7.6,0,-1,-4.8,-8,72,58.2,39,9,6.5,0,29.9,29.9,29.7,0
1/7/18,33,25.3,9,31,17.4,-3,92,72.4,56,18,14.7,9,29.7,29.4,29.2,0
1/8/18,36,33.9,31,33,30.1,28,96,86.3,76,17,12.5,7,29.5,29.4,29.2,0.03
1/9/18,34,30.1,28,29,28.3,27,100,92.7,82,10,6.6,3,29.6,29.6,29.4,0
1/10/18,56,44.9,32,52,43.6,30,100,95.3,84,24,15.5,7,29.5,29.2,29.1,0
1/11/18,60,52.1,24,58,49.8,18,100,91.9,77,25,16.9,9,29.2,29.1,29,0.01
1/12/18,25,21.6,16,18,13.7,2,81,71.9,54,29,20.2,12,29.7,29.5,29.2,0.14
1/13/18,17,12.3,8,2,-2.2,-7,67,53.3,34,24,10.6,0,30,29.9,29.7,0
1/14/18,22,15.7,7,15,6.5,-2,88,68.8,40,16,9.7,0,30,29.8,29.6,0
1/15/18,24,16.9,9,19,12.3,4,89,82.5,77,18,12.5,7,29.7,29.6,29.5,0.02
1/16/18,25,14.4,6,18,8.3,2,87,77.2,60,15,10.9,7,29.9,29.8,29.7,0.01
1/17/18,20,14.8,6,10,7.3,2,84,72.8,62,22,12.3,5,29.9,29.8,29.5,0
1/18/18,33,25.6,17,22,15.5,10,74,65.9,54,20,15.3,10,29.5,29.4,29.3,0
1/19/18,40,34.8,28,29,23.8,19,73,64.5,54,22,16,10,29.3,29.2,29.1,0
1/20/18,47,40.4,33,37,32.2,27,86,73.3,59,15,9.2,5,29.3,29.3,29.1,0
1/21/18,48,42.8,39,48,41.7,36,100,96.3,86,10,5,0,29.3,29.3,29.2,0
1/22/18,55,48.6,37,51,46.1,32,100,91.5,73,29,11.8,3,29.1,28.9,28.8,0.4
1/23/18,37,32.3,29,34,27.6,22,100,83.3,72,16,11.2,5,29.5,29.1,28.8,0.29
1/24/18,30,29.1,28,24,22.4,20,81,76,69,10,6.4,0,29.7,29.6,29.5,0.01
1/25/18,44,35.5,26,34,28.2,21,84,75,60,17,9,6,29.7,29.6,29.5,0
1/26/18,52,46.1,38,34,31.8,30,76,58.8,43,24,17.8,9,29.5,29.4,29.3,0
1/27/18,51,45.5,37,39,30,21,69,56,32,21,12.3,6,29.6,29.4,29.3,0
1/28/18,41,34.9,31,32,27.5,24,85,74.7,67,16,9.2,0,29.7,29.6,29.6,0
1/29/18,31,25.1,18,24,15.8,9,81,68,58,20,14,7,29.8,29.7,29.7,0
1/30/18,31,24.7,16,18,12.7,10,77,61.4,47,20,9.7,0,29.8,29.6,29.3,0
1/31/18,43,37.6,32,30,24.2,18,70,58.7,49,24,14.3,7,29.3,29.1,29,0
2/1/18,36,22.5,9,25,6.8,-7,72,52,35,24,15.3,8,29.7,29.4,29.1,0
2/2/18,22,13.9,5,4,-3.6,-7,61,46.5,35,14,10.8,9,29.9,29.8,29.6,0
2/3/18,41,31.2,22,30,18.1,7,96,61.7,33,21,13.6,8,29.6,29.3,29.1,0
2/4/18,35,20.7,7,30,14.9,-4,89,78.7,58,22,15.8,7,29.6,29.3,29.1,0.01
2/5/18,12,8.4,-1,8,1.9,-8,88,75.3,56,10,7.5,5,29.6,29.6,29.5,0.01
2/6/18,21,16.3,6,16,8.8,3,88,73.2,55,9,3.9,0,29.8,29.7,29.6,0.15
2/7/18,20,17.2,13,17,11.2,4,92,78,64,15,9.4,3,29.8,29.6,29.6,0.05
2/8/18,22,17,9,19,11.1,4,92,78,62,15,7.3,5,29.8,29.7,29.6,0
2/9/18,29,25.9,22,26,22.7,17,96,87.8,75,17,10.3,5,29.6,29.5,29.4,0.34
2/10/18,25,21.2,17,22,16,10,91,80.5,71,15,10.8,3,29.6,29.5,29.4,0.14
2/11/18,24,21.1,13,22,16.4,4,96,82.4,64,15,10.2,3,29.7,29.4,29.3,0.19
2/12/18,28,18.1,8,15,7.5,3,80,64.8,39,9,6.3,0,30.1,30,29.7,0
2/13/18,35,26.8,18,24,16.1,9,84,65.9,34,13,7.2,5,30.1,29.8,29.6,0
2/14/18,45,38.1,28,41,35.4,25,100,90.5,68,15,9.1,6,29.6,29.3,29.2,0
2/15/18,47,42.1,39,45,40.7,33,100,95.2,71,18,6.5,0,29.2,29.1,29,0
2/16/18,36,32.1,20,34,21.2,7,93,65.5,38,21,12.3,5,29.6,29.5,29.2,0
2/17/18,35,28.8,17,32,23.4,9,96,80.5,62,17,9.6,3,29.6,29.4,29.3,0
2/18/18,41,31.3,20,31,25.6,19,96,80,67,18,11.1,0,29.6,29.5,29.2,0.09
2/19/18,60,49.4,39,58,47.7,33,100,94.2,77,20,10.8,0,29.2,29.2,29.1,0
2/20/18,66,53.9,34,61,52.5,33,100,95.1,84,23,12.9,3,29.5,29.3,29.1,1.94
2/21/18,34,31.3,29,32,24.2,20,92,75.4,61,17,13,8,29.9,29.8,29.5,1.22
2/22/18,41,37.1,32,38,30.8,25,93,78.1,68,20,13.7,9,29.9,29.8,29.6,0
2/23/18,45,40,35,43,37,30,100,89.3,79,17,10.6,5,29.6,29.5,29.4,0.14
2/24/18,50,39.6,35,49,35.5,29,97,85.6,76,20,13.8,7,29.6,29.3,28.8,0
2/25/18,51,40.1,35,49,28,22,92,63.7,42,30,19.4,8,29.4,29.2,28.8,0.11
2/26/18,54,43.5,31,34,28.5,25,82,58.1,35,17,9,0,29.6,29.5,29.5,0
2/27/18,61,51.9,42,38,33.3,27,60,49.8,38,22,13.5,8,29.6,29.4,29.2,0
2/28/18,60,47.9,38,48,39.7,36,93,74.3,54,15,11,8,29.2,29.2,29.1,0
3/1/18,43,38.9,34,39,34.2,29,97,83.9,62,22,12.4,0,29.6,29.2,29.1,0
3/2/18,46,37.5,31,29,21.3,13,85,55.9,28,12,6.9,0,29.8,29.7,29.6,0.32
3/3/18,43,38,35,29,22.9,15,76,56.1,32,13,9.6,5,29.9,29.8,29.8,0
3/4/18,46,39.6,32,26,20.8,15,73,48.6,31,17,11.7,7,29.8,29.7,29.6,0
3/5/18,42,36,34,33,24.9,17,96,66.7,40,20,14.9,10,29.6,29.3,29.1,0
3/6/18,41,36,34,35,32.9,30,100,89.1,70,20,9.4,5,29.1,29,29,0.08
3/7/18,34,30.4,26,30,19.6,12,89,65.8,47,21,14.7,10,29.4,29.3,29.1,0.04
3/8/18,35,28.9,24,18,15.4,12,69,57.5,46,16,10.5,6,29.4,29.3,29.3,0
3/9/18,38,30.9,23,21,16.8,14,75,57.6,38,13,6.6,0,29.4,29.3,29.3,0
3/10/18,39,33.8,26,25,18.2,12,78,55.6,34,14,6.3,0,29.5,29.4,29.4,0
3/11/18,39,35,31,27,22.2,17,82,61,44,16,8.8,0,29.6,29.5,29.5,0
3/12/18,45,37.3,30,30,24.5,20,79,61,37,18,9.6,0,29.5,29.4,29.4,0
3/13/18,36,30.2,25,27,21.1,11,92,70.3,44,20,12.4,6,29.5,29.5,29.4,0
3/14/18,47,34.9,22,28,18,12,69,52.3,33,21,10.5,5,29.5,29.3,29.1,0
3/15/18,47,37.4,31,28,25.3,23,76,62.8,39,17,10.4,0,29.4,29.2,29.1,0
3/16/18,36,32.7,30,27,22.1,20,78,65.2,57,16,12.8,8,29.6,29.5,29.4,0
3/17/18,44,37,32,30,23.6,16,89,60.9,35,16,9.3,0,29.4,29.3,29.3,0.14
3/18/18,56,42.7,29,28,23.2,20,82,49.8,26,9,4,0,29.4,29.3,29.3,0
3/19/18,46,39.9,35,29,25.9,22,73,58.3,42,28,16.6,3,29.3,29.2,29.2,0
3/20/18,36,33,29,27,22,16,75,64.5,54,24,18.8,12,29.3,29.2,29.2,0
3/21/18,39,34.3,31,25,20.4,13,70,57.7,34,18,13.2,5,29.6,29.4,29.2,0
3/22/18,46,36.6,26,27,19.6,11,81,54.2,25,12,7.1,0,29.7,29.6,29.6,0
3/23/18,41,36.3,32,28,22.7,18,76,58.6,41,16,10.1,0,29.7,29.7,29.6,0
3/24/18,40,37.2,34,27,22,18,70,54.5,46,23,18.2,10,29.6,29.5,29.5,0
3/25/18,41,34.8,29,24,16.5,13,55,47.8,35,20,14.7,10,29.7,29.7,29.6,0
3/26/18,55,44.4,32,46,30.8,18,93,60.7,37,18,11.5,8,29.6,29.5,29.3,0
3/27/18,52,49.6,45,52,46.1,37,100,88.3,68,14,10,0,29.4,29.3,29.3,0.39
3/28/18,52,45.1,39,41,37.1,34,86,73.9,57,10,5.8,0,29.4,29.3,29.2,0.04
3/29/18,49,43.9,37,43,38,31,93,80.2,66,17,9.2,0,29.4,29.3,29.2,0.08
3/30/18,48,40.7,35,32,27.7,24,86,61.8,44,15,7.7,0,29.6,29.5,29.4,0
3/31/18,58,44.7,35,42,33.2,22,83,64.9,51,24,15.3,6,29.5,29.3,29.1,0
4/1/18,36,31.8,27,20,12.7,8,58,46,33,13,8.7,5,29.6,29.5,29.5,0.05
4/2/18,45,35.8,24,32,20.7,12,72,56.5,29,16,7.4,0,29.5,29.4,29.2,0
4/3/18,42,39.3,35,40,37.2,31,100,92.9,65,16,11.9,6,29.2,29,28.8,0
4/4/18,35,31.3,27,32,21,16,89,66.9,52,24,17.2,8,29.6,29.3,29,0.07
4/5/18,41,33.9,24,34,25.5,10,100,74.7,34,12,7.6,3,29.6,29.4,29.3,0
4/6/18,38,34.3,28,34,22.7,7,100,66.5,32,24,12.1,0,29.4,29.3,29.2,0.09
4/7/18,38,29.5,21,19,9.9,4,64,45,29,15,8.5,0,29.5,29.4,29.4,0
4/8/18,39,32.5,24,28,15.2,5,85,51.3,26,14,6.8,0,29.5,29.4,29.4,0
4/9/18,40,34.3,31,31,30,28,96,84.3,70,13,6.3,0,29.6,29.5,29.4,0.03
4/10/18,45,38.5,30,30,23.8,20,92,58.5,40,14,8.2,0,29.6,29.6,29.4,0
4/11/18,66,50.3,39,45,34.7,29,71,56.6,34,15,10.2,5,29.4,29.3,29.1,0
4/12/18,74,58.4,45,46,42.6,38,80,58.2,33,22,13.6,5,29.1,29,29,0.02
4/13/18,52,44.9,41,43,39.8,38,93,82.5,69,16,11.7,6,29.2,29.1,29,0
4/14/18,41,39.4,37,40,37.8,35,97,94.4,93,28,20.7,9,29.2,29.1,29.1,0.29
4/15/18,38,35.8,31,36,33.8,27,100,93,85,22,14.1,6,29.1,29.1,29,0.47
4/16/18,35,30.8,28,25,24.3,23,88,77.1,61,21,15.1,10,29.3,29.2,29.1,0.33
4/17/18,43,35.3,30,24,22.3,20,72,59.5,43,21,11.1,0,29.3,29.3,29.2,0
4/18/18,37,34.8,32,33,29.2,25,100,80.7,62,20,11.6,3,29.3,29.2,29.1,0
4/19/18,53,41.6,33,34,28.8,19,100,66.2,26,14,10.4,3,29.8,29.6,29.3,0.1
4/20/18,59,47.7,35,26,19.4,8,67,36.7,16,15,5,0,29.9,29.8,29.8,0
4/21/18,53,47.1,42,27,21.1,17,43,36,30,10,5.3,0,29.8,29.7,29.7,0
4/22/18,61,51.5,44,31,25.3,18,54,37.3,24,17,11,3,29.7,29.6,29.6,0
4/23/18,62,52.5,44,35,30.1,26,60,43.2,31,16,9.4,0,29.6,29.5,29.4,0
4/24/18,63,55.1,50,49,43.9,36,86,66.3,54,16,7.3,3,29.4,29.4,29.3,0
4/25/18,53,47,42,43,32.4,29,83,57.8,43,20,13.5,0,29.4,29.4,29.3,0
4/26/18,65,52.3,36,32,29,26,79,44.9,25,10,4.1,0,29.3,29.3,29.1,0
4/27/18,55,48.3,41,37,32.6,26,82,57,38,21,14.2,7,29.2,29.1,29.1,0
4/28/18,50,43.7,38,34,26.3,17,79,52.8,31,21,13.2,5,29.6,29.4,29.2,0.03
4/29/18,56,45.8,34,29,19.3,6,70,39.8,15,10,6.7,3,29.7,29.6,29.6,0
4/30/18,80,62.6,42,31,23.1,11,40,23.6,13,20,12.5,5,29.6,29.5,29.3,0
5/1/18,85,73.3,58,50,42.3,31,42,33.3,25,24,15.6,8,29.3,29.3,29.2,0
5/2/18,87,74.6,66,65,56.9,49,94,56.1,36,39,14.9,0,29.3,29.2,29.2,0
5/3/18,70,64.7,58,65,60.3,51,100,86,70,20,7.9,0,29.3,29.2,29.1,0.45
5/4/18,75,68.2,64,63,54.3,46,88,63.5,36,29,16.9,6,29.3,29.2,29,0
5/5/18,82,70.5,57,49,44.2,40,72,42.2,23,16,8.5,5,29.4,29.3,29.3,0
5/6/18,68,60.7,53,44,41.3,38,62,49.7,36,18,9.5,0,29.5,29.3,29.3,0
5/7/18,73,62.8,50,44,40,36,68,45.3,28,12,6.2,0,29.6,29.5,29.5,0
5/8/18,82,70.8,58,44,40.9,39,51,35.1,23,14,7.2,0,29.5,29.4,29.3,0
5/9/18,83,71.9,60,63,52.9,40,80,52.1,37,24,15.5,7,29.3,29.1,28.9,0
5/10/18,72,63.6,58,55,52.6,47,87,68.3,51,15,9.8,5,29.4,29.3,29.1,0.21
5/11/18,56,51.6,49,47,43.6,41,80,74.2,64,20,15,9,29.4,29.3,29.3,0.04
5/12/18,52,48.7,46,48,44.8,43,93,86.6,77,17,11.1,5,29.5,29.4,29.3,0.02
5/13/18,67,54.3,49,55,50.2,47,100,87,63,17,8.1,0,29.4,29.4,29.3,0
5/14/18,86,64,55,65,59.3,51,100,86.4,43,24,10.1,0,29.4,29.2,29.1,0.37
5/15/18,67,63,53,65,57.3,40,100,82.8,53,16,9.1,0,29.4,29.3,29.1,0.92
5/16/18,77,65.1,50,56,47.7,40,77,56,29,10,5.5,0,29.4,29.3,29.3,0
5/17/18,71,62.5,54,55,49.1,43,87,63.3,44,16,7.7,0,29.4,29.4,29.3,0
5/18/18,68,59.4,54,59,50.3,46,97,73.3,50,16,10.2,6,29.4,29.3,29.3,0
5/19/18,69,60.5,57,61,57.6,53,100,90.6,73,9,4.7,0,29.3,29.2,29.2,0
5/20/18,60,49.5,45,57,45.1,42,96,84.9,77,21,11.9,5,29.6,29.5,29.4,0.01
5/21/18,65,57.7,50,62,56.2,45,100,94.7,83,17,7,0,29.5,29.4,29.3,0.12
5/22/18,66,58.8,54,60,55.5,50,100,89.4,72,10,4.6,0,29.4,29.4,29.3,1.24
5/23/18,78,65.5,52,58,52.6,46,93,66.7,33,10,4.1,0,29.5,29.5,29.4,0
5/24/18,86,74.1,59,56,54.2,52,81,52.5,32,14,6.3,0,29.5,29.4,29.4,0
5/25/18,89,78.9,68,69,58.4,50,91,50.8,35,12,7.5,3,29.4,29.2,29.1,0
5/26/18,88,78.7,69,69,63.2,58,93,62.4,40,9,5.4,0,29.1,29.1,29.1,0.13
5/27/18,96,84.4,72,71,64.1,55,81,52.8,25,12,5,0,29.2,29.2,29.1,0
5/28/18,95,82.5,73,68,62.8,59,74,52.9,32,23,7.8,0,29.3,29.3,29.2,0
5/29/18,87,77.7,72,66,61.3,56,64,57.2,49,12,5.8,0,29.3,29.2,29.1,0
5/30/18,86,76.4,72,72,68.4,63,96,77,57,20,9,5,29.1,29,28.9,0
5/31/18,89,80.8,71,69,66.8,64,87,63.8,46,18,10.8,3,29.1,29,28.9,0.22
6/1/18,79,65.8,54,69,56.4,46,93,72.1,60,18,11.2,0,29.3,29.2,29.1,0
6/2/18,73,61.7,53,64,55.5,46,96,80.3,68,12,8.6,3,29.3,29.3,29.2,0
6/3/18,79,67.4,60,61,54.2,48,100,66.7,34,24,12.1,0,29.3,29.2,29.2,0.54
6/4/18,80,69.7,56,52,48.5,44,80,49.1,32,18,10.9,5,29.4,29.3,29.2,0
6/5/18,73,63.8,57,55,47.1,39,72,54.8,45,21,13.5,9,29.3,29.2,29.2,0
6/6/18,78,67.3,52,59,51.8,40,77,58.4,46,10,6.2,0,29.3,29.3,29.2,0.01
6/7/18,80,71.6,64,59,57.1,51,73,60.7,47,15,8.6,0,29.4,29.3,29.2,0.04
6/8/18,71,65.1,61,62,56.4,51,90,73.8,63,10,7.2,5,29.5,29.4,29.4,0
6/9/18,79,66,59,68,62.1,54,100,87.8,64,16,4.5,0,29.4,29.4,29.3,0.28
6/10/18,70,65.4,61,67,64.1,61,100,95.7,88,13,6.4,0,29.3,29.2,29.1,0
6/11/18,69,64.6,62,65,63.3,62,100,95.7,84,16,10.2,6,29.3,29.2,29.2,0.36
6/12/18,80,71.8,65,70,67.5,64,97,87,71,10,5.4,0,29.3,29.2,29.2,0.03
6/13/18,81,73.8,69,70,61.1,46,97,69.5,29,15,8.3,0,29.4,29.3,29.2,0
6/14/18,80,73.2,63,56,52.2,47,72,49.4,32,12,4.6,0,29.4,29.4,29.3,0
6/15/18,89,79.2,66,69,61.2,54,73,54.6,44,16,8.7,0,29.4,29.3,29.2,0
6/16/18,93,81.2,70,73,70.2,66,100,71.1,49,24,9.8,3,29.4,29.3,29.3,0.63
6/17/18,94,86.3,79,74,71.9,70,77,62.9,46,17,11.2,8,29.4,29.3,29.3,0
6/18/18,94,83.3,69,75,72,65,90,70.2,49,20,13.2,7,29.4,29.3,29.2,0
6/19/18,82,70.9,67,70,66.1,63,97,85.3,65,12,7,0,29.4,29.3,29.2,0.08
6/20/18,78,70.3,66,66,63.6,60,90,79.3,66,16,7.9,0,29.2,29.2,29.2,0.03
6/21/18,68,66.4,65,67,64.6,61,100,93.8,84,18,11.8,0,29.2,29.1,29.1,0.11
6/22/18,65,62.5,61,62,60.4,59,97,93,84,17,13.9,9,29.1,29.1,29.1,2.56
6/23/18,80,69.5,62,65,59.2,54,97,72.6,42,12,5.7,0,29.1,29.1,29,0.73
6/24/18,81,72.5,66,66,63,60,93,73.4,54,17,7.5,0,29.4,29.3,29.2,0
6/25/18,78,71.6,64,64,61.7,60,90,72,56,17,11.7,6,29.5,29.4,29.4,0
6/26/18,85,74.3,68,72,67.5,59,94,79.8,61,17,10.2,5,29.4,29.2,29.1,0
6/27/18,79,72.6,70,70,67,63,97,83.1,66,15,7.5,0,29.2,29.1,29.1,0
6/28/18,86,77.8,67,70,66.5,63,97,69.5,49,14,4.5,0,29.3,29.3,29.2,0
6/29/18,94,85.2,75,79,73.9,70,84,69.8,54,16,11.1,5,29.3,29.3,29.2,0
6/30/18,94,87.1,79,78,75.6,73,88,69.5,55,18,11.3,5,29.3,29.3,29.2,0
7/1/18,94,83.1,76,77,73.3,72,91,73.1,52,24,13.1,6,29.3,29.2,29.1,0
7/2/18,81,76.5,71,73,62,52,91,62.4,38,12,6.5,0,29.4,29.4,29.3,0
7/3/18,91,80.2,68,71,67.6,56,87,66.7,52,14,7.4,3,29.5,29.4,29.4,0
7/4/18,91,83.3,75,77,74.3,72,96,74.7,59,24,9.1,5,29.6,29.5,29.5,0
7/5/18,95,79,72,76,73,70,96,83.2,50,20,8.1,0,29.6,29.6,29.5,0.15
7/6/18,79,72.7,66,65,55.8,51,73,56,43,20,14.3,9,29.8,29.7,29.6,0.52
7/7/18,80,72.5,64,61,51.5,37,87,51.5,23,10,7,3,29.7,29.6,29.6,0
7/8/18,87,77,65,62,56,48,84,51.4,28,12,5.5,0,29.6,29.6,29.5,0
7/9/18,90,81,69,69,62.9,56,81,56.3,34,15,8.5,0,29.6,29.5,29.4,0
7/10/18,86,80.8,75,72,61.9,47,76,55,29,17,10.2,5,29.4,29.4,29.4,0
7/11/18,86,78.4,71,63,59.5,55,73,53,39,10,7.3,0,29.5,29.5,29.4,0
7/12/18,87,80.3,72,65,62.5,58,76,56,40,14,9,3,29.5,29.5,29.4,0
7/13/18,93,82.6,72,67,63.8,59,73,54.5,32,13,8.8,0,29.5,29.4,29.3,0
7/14/18,80,76.9,73,72,70.2,67,93,80.2,64,9,5.8,0,29.4,29.4,29.3,0.01
7/15/18,91,82.1,74,73,71.4,69,93,71.3,50,12,4.7,0,29.3,29.3,29.3,0.22
7/16/18,92,82,76,74,71.8,68,88,72.5,45,22,6.5,0,29.3,29.3,29.2,0
7/17/18,81,75.2,69,64,59.4,55,73,58.8,43,15,9.3,3,29.4,29.4,29.3,0.17
7/18/18,78,73.1,64,59,54,50,78,52.3,40,13,8.5,3,29.5,29.4,29.4,0
7/19/18,88,78.2,68,65,59.9,54,73,55,34,17,9.5,0,29.4,29.3,29.1,0
7/20/18,79,73.3,70,72,68,65,97,83.8,64,18,12.9,8,29.1,29,29,0.01
7/21/18,77,71.5,70,69,67.6,66,97,87.7,71,20,13.1,7,29.1,29.1,29,0.52
7/22/18,77,71.2,70,70,68.1,66,100,89.9,76,18,12.5,6,29.3,29.2,29.1,0.06
7/23/18,81,74.3,68,67,64.3,62,93,71.5,56,14,9.8,3,29.3,29.3,29.2,0.26
7/24/18,83,77,68,67,63.7,60,90,65.4,46,10,5,0,29.3,29.3,29.3,0
7/25/18,88,79.1,68,65,59.9,55,78,53.5,36,9,6.9,3,29.4,29.3,29.3,0
7/26/18,82,76,69,66,59.2,54,78,57.5,38,17,11.4,6,29.3,29.3,29.2,0
7/27/18,78,70.9,63,59,55.8,53,81,60.1,43,13,8.5,5,29.4,29.4,29.3,0
7/28/18,81,71.9,62,57,54.2,50,78,55.5,35,13,5.5,0,29.5,29.4,29.4,0
7/29/18,79,72.5,65,60,57.3,54,78,59.9,42,13,4.3,0,29.5,29.4,29.4,0
7/30/18,80,72.9,64,63,59.8,54,90,65.3,40,15,7.3,0,29.4,29.4,29.4,0
7/31/18,79,73.8,69,67,63.2,57,87,70.4,47,12,7.4,0,29.4,29.3,29.3,0
8/1/18,84,74.5,64,66,62.2,56,90,67.4,38,16,7.3,3,29.3,29.3,29.3,0.01
8/2/18,86,77.8,70,68,64.3,60,82,64.3,44,15,9.1,0,29.3,29.3,29.3,0.04
8/3/18,88,77.2,67,68,62.3,51,93,63.1,31,14,5.7,0,29.4,29.4,29.3,0
8/4/18,96,84.8,73,70,66,62,85,56.3,32,20,10,5,29.4,29.4,29.3,0
8/5/18,95,84,77,70,67.2,62,76,58.8,33,20,12.3,3,29.4,29.4,29.3,0
8/6/18,84,77.3,73,73,69.5,65,91,77.2,67,16,7.8,3,29.4,29.4,29.3,0.07
8/7/18,85,75.2,71,73,69.8,66,97,84.4,53,10,4.6,0,29.3,29.3,29.3,0.06
8/8/18,81,74.8,70,70,67.1,65,96,78,58,10,4.3,0,29.3,29.3,29.3,0.63
8/9/18,91,78.1,68,71,67,64,90,70.5,46,17,9.4,0,29.3,29.3,29.2,0
8/10/18,84,77.7,72,72,69.2,67,96,76.1,58,16,7.6,0,29.3,29.3,29.3,0.07
8/11/18,88,81.6,73,68,60.9,57,82,51,36,14,6.3,0,29.4,29.3,29.3,0
8/12/18,87,79.4,70,69,60.5,51,85,55.5,32,14,6.7,0,29.5,29.4,29.4,0
8/13/18,87,77.8,68,70,63,57,94,64,37,13,4.4,0,29.5,29.4,29.3,0
8/14/18,89,80.8,70,64,61.9,60,78,54.3,38,10,5.4,0,29.3,29.3,29.3,0
8/15/18,85,78.9,74,72,68.5,64,85,70.9,55,15,7.3,0,29.3,29.3,29.2,0
8/16/18,84,76.8,73,71,69.6,68,90,79.2,61,9,4.2,0,29.3,29.3,29.2,0.13
8/17/18,82,74.8,69,72,69,66,97,82.8,65,15,6.4,0,29.3,29.3,29.2,0.18
8/18/18,82,76.3,72,71,68.6,65,97,78.3,58,14,8.3,3,29.4,29.3,29.3,0.06
8/19/18,85,77.3,69,71,68,66,93,73.8,57,15,6.7,0,29.3,29.3,29.3,0
8/20/18,79,74.8,71,73,68.8,64,93,82.1,68,20,10.4,0,29.3,29.2,29.1,0
8/21/18,79,72.8,69,70,66.9,61,100,82.7,58,22,10.1,0,29.4,29.2,29.1,0.29
8/22/18,80,70.5,60,60,51.3,46,76,53.2,31,17,9.5,0,29.5,29.4,29.4,0.03
8/23/18,81,71.8,60,56,53.5,51,83,55.1,35,15,7.1,0,29.5,29.4,29.4,0
8/24/18,75,67.6,64,65,59.2,55,100,75.3,55,20,11.9,6,29.4,29.3,29.3,0
8/25/18,87,78,66,76,70.5,64,96,78.8,57,14,8.8,0,29.3,29.3,29.2,0
8/26/18,95,84.4,75,76,74.2,70,97,73.7,46,16,10,3,29.4,29.3,29.3,0
8/27/18,96,86,78,76,71.5,69,81,63.4,41,25,16.8,10,29.3,29.2,29.2,0
8/28/18,92,79.3,69,74,71,68,96,76.9,54,23,12,5,29.4,29.3,29.2,0
8/29/18,75,70.5,67,69,66.2,59,97,86.5,66,21,8.7,0,29.5,29.4,29.2,0
8/30/18,73,67.9,65,59,55.6,52,81,65.5,49,12,8,0,29.6,29.5,29.5,0.02
8/31/18,86,74.5,62,72,64.8,56,91,72.9,53,28,9.8,0,29.5,29.4,29.3,0
9/1/18,86,77.6,72,73,70.1,68,87,78,61,21,9.6,5,29.4,29.3,29.3,1.07
9/2/18,91,82.2,74,71,68,65,76,63,47,18,11,0,29.4,29.4,29.3,0.04
9/3/18,87,76.6,73,72,69.9,68,93,80.7,61,23,8.2,3,29.5,29.5,29.4,0.01
9/4/18,93,82.7,72,71,68,65,91,63.6,41,14,9,3,29.5,29.5,29.4,0.44
9/5/18,92,78.9,71,73,69.3,67,93,74,44,21,11.3,7,29.5,29.4,29.4,0
9/6/18,72,69.4,68,66,62.9,56,90,80,65,17,11.8,7,29.6,29.6,29.5,0.45
9/7/18,70,68.6,66,65,60.4,50,87,75.6,56,17,12.3,8,29.6,29.6,29.5,0.46
9/8/18,68,66.9,64,55,52.3,45,68,59.7,47,24,18.2,14,29.5,29.5,29.4,0.08
9/9/18,69,64.6,62,54,50.9,48,72,61.3,49,23,16.6,10,29.4,29.4,29.3,0
9/10/18,74,66.6,62,59,56.4,53,84,70,55,14,8.8,0,29.4,29.4,29.3,0
9/11/18,80,67.3,58,60,56.6,54,93,71.3,42,12,4.8,0,29.5,29.5,29.4,0
9/12/18,82,68.5,57,58,55.4,47,96,66.2,32,12,6.3,0,29.5,29.5,29.5,0
9/13/18,79,66.9,57,60,57.4,55,93,73.4,48,9,4.4,0,29.6,29.5,29.4,0
9/14/18,84,71.5,62,62,60.2,58,93,70.2,44,13,5.4,0,29.5,29.5,29.4,0
9/15/18,81,70.9,63,64,61.5,59,93,73.6,49,14,6.2,0,29.5,29.5,29.5,0
9/16/18,86,76,67,69,65.7,62,97,72.5,51,15,8,3,29.5,29.4,29.3,0
9/17/18,91,79.8,69,67,64.2,62,84,60.5,42,9,3.3,0,29.3,29.3,29.2,0
9/18/18,81,73.1,70,67,63.6,61,87,72.5,58,17,7.8,0,29.3,29.3,29.3,0
9/19/18,78,70.7,68,65,62.2,60,87,75.1,54,16,9.9,6,29.4,29.3,29.3,0
9/20/18,95,81.2,69,72,67.6,65,90,66,41,20,9.3,0,29.3,29.2,29.1,0
9/21/18,83,73.1,58,68,56.3,41,76,56,43,21,15.5,9,29.6,29.3,29.1,0
9/22/18,63,59.9,57,49,44.9,39,69,58,49,21,10.5,3,29.7,29.6,29.5,0
9/23/18,70,62.7,53,57,50.7,46,80,65.7,50,13,6.5,0,29.5,29.5,29.4,0
9/24/18,72,67.2,58,66,60.1,51,87,77.9,67,12,7.2,5,29.4,29.3,29.3,0
9/25/18,83,70.9,64,68,64.7,57,93,82,46,25,9.1,3,29.3,29.2,29.1,0.52
9/26/18,68,59.7,51,57,44.4,41,80,58.8,37,16,9.7,3,29.5,29.4,29.3,0.24
9/27/18,69,59.9,50,45,42,38,80,54.2,33,14,7.7,0,29.4,29.4,29.3,0
9/28/18,62,55.4,48,48,44.5,41,83,67.5,49,13,7.7,3,29.6,29.4,29.3,0
9/29/18,59,52.7,42,47,38,32,83,60,37,10,5.8,0,29.7,29.6,29.6,0.05
9/30/18,67,60.9,54,57,52.4,45,83,73.9,65,13,7.9,3,29.6,29.5,29.5,0.03
10/1/18,76,64.1,57,64,57.9,53,93,80.9,64,20,8.2,0,29.6,29.4,29.3,0
10/2/18,68,63.5,59,65,58.8,54,96,84.8,70,14,6.9,0,29.4,29.4,29.3,1.39
10/3/18,88,75.7,60,68,62.8,55,90,66.1,45,28,15.4,5,29.4,29.2,29,0
10/4/18,80,61.2,53,69,50.4,41,87,67.7,57,20,15.3,8,29.5,29.4,29.1,0.06
10/5/18,66,60.5,54,63,56,45,93,85.7,64,14,8.5,0,29.4,29.3,29.3,0.24
10/6/18,72,64.9,58,68,60.3,50,94,85.3,72,16,8.6,0,29.5,29.3,29.2,0
10/7/18,63,60.5,57,62,57,50,97,88.3,72,13,8.3,5,29.5,29.5,29.4,0.19
10/8/18,85,74,64,69,64.8,62,93,74.9,49,17,9.5,6,29.4,29.4,29.3,0.84
10/9/18,86,77.5,71,68,65.3,63,84,66.9,48,16,10.2,3,29.4,29.3,29.2,0
10/10/18,75,69.7,53,68,63.3,43,90,80.2,65,24,13.8,7,29.2,29,28.9,0.09
10/11/18,52,47.1,41,42,33.7,30,69,59.9,50,22,15.8,8,29.4,29.3,29.1,1.11
10/12/18,42,39.6,36,34,31.6,30,86,73.5,65,13,8.1,0,29.4,29.3,29.3,0
10/13/18,52,42.1,34,36,33.7,31,92,73.9,52,15,8,3,29.4,29.3,29.3,0
10/14/18,57,48.5,40,43,39.6,35,86,72,59,13,5.9,0,29.4,29.4,29.3,0
10/15/18,48,42.4,38,43,32,25,89,68.4,42,18,12.1,6,29.6,29.5,29.3,0.17
10/16/18,58,46,34,35,30.4,28,79,57,35,24,12.6,7,29.6,29.5,29.3,0
10/17/18,51,45.8,40,35,28.6,23,68,51.9,36,17,10.9,5,29.8,29.6,29.4,0
10/18/18,58,47,35,30,27.1,25,72,48.7,30,14,7.1,0,29.9,29.8,29.6,0
10/19/18,53,50,46,48,40.3,30,89,70.6,50,21,12.6,7,29.6,29.3,29.2,0
10/20/18,52,43.7,34,46,29.6,18,86,58.4,43,40,18.8,8,29.6,29.3,29.2,0.06
10/21/18,50,39.9,28,25,21.6,20,72,50.1,32,17,8.7,0,29.7,29.6,29.4,0
10/22/18,63,49.7,38,37,32,25,68,52,34,15,7.9,5,29.4,29.4,29.3,0
10/23/18,53,46.7,41,36,32.8,27,79,58.9,47,15,7.5,0,29.7,29.6,29.4,0
10/24/18,51,44.6,38,36,34.4,31,86,68.1,54,9,4,0,29.8,29.7,29.6,0
10/25/18,51,45.7,40,36,32.7,31,79,61.2,46,9,5.7,0,29.6,29.5,29.3,0
10/26/18,53,49.5,47,41,38.8,36,74,66.7,57,13,8.6,3,29.3,29.2,29.1,0
10/27/18,53,48.9,44,42,40.1,38,90,72.5,57,9,5.3,0,29.3,29.2,29.1,0
10/28/18,51,47.7,44,46,41.6,39,90,79.6,66,24,13,6,29.3,29.1,28.9,0.14
10/29/18,56,47.2,39,42,38.3,35,89,72.4,47,10,6.7,0,29.4,29.4,29.3,0.01
10/30/18,69,57.3,45,58,49,37,94,74.7,57,16,7.7,3,29.4,29.2,29.1,0
10/31/18,60,52.9,50,54,43.8,34,93,73.1,42,13,8,0,29.3,29.2,29.1,0.81
11/1/18,52,49.4,46,40,36.1,35,66,60.4,53,21,14.7,6,29.3,29.2,29.1,0
11/2/18,50,44.5,39,36,34.4,33,79,68,52,12,7.7,5,29.3,29.2,29.1,0
11/3/18,48,43.6,35,40,33,29,86,67.6,48,13,6,0,29.6,29.4,29.3,0
11/4/18,52,50,46,49,44.1,39,89,80.3,63,21,15.3,8,29.5,29.3,29.1,0.1
11/5/18,51,48.3,45,48,41.4,38,93,77.4,61,14,10.1,0,29.3,29.1,28.9,0.36
11/6/18,50,46,38,48,38.7,27,93,76.4,60,25,17.6,3,29.3,29.1,28.8,0
11/7/18,39,36.9,34,27,25.1,23,70,62.7,57,20,14.6,7,29.6,29.5,29.3,0.01
11/8/18,40,37.2,33,29,24.6,22,65,60.7,53,9,5.1,0,29.7,29.7,29.6,0
11/9/18,39,31.6,20,31,24.1,8,92,74.9,56,22,11.4,0,29.5,29.4,29.4,0.04
11/10/18,33,26.8,20,19,14.2,11,68,59.9,46,24,11.9,6,29.7,29.6,29.5,0.02
11/11/18,41,34.6,29,26,21,17,73,58.3,47,13,7.8,0,29.6,29.6,29.5,0
11/12/18,36,32.2,25,26,20.5,13,70,62.4,55,15,10.7,3,29.7,29.6,29.6,0
11/13/18,29,24.1,20,12,9.3,7,63,53.9,41,18,10.4,5,29.8,29.7,29.7,0
11/14/18,35,28.1,20,24,16.8,6,75,62.7,53,9,5.6,0,29.9,29.8,29.6,0
11/15/18,34,32.2,28,30,26.1,20,89,78.8,61,14,7.9,3,29.6,29.4,29.2,0
11/16/18,41,35.7,28,32,28.1,22,82,74,65,17,11.6,6,29.5,29.3,29.1,0.08
11/17/18,37,34.7,33,32,30,28,92,83.3,70,13,6.1,0,29.6,29.6,29.5,0
11/18/18,37,32.3,25,30,25.8,20,92,77.3,62,8,6.6,5,29.6,29.6,29.5,0.15
11/19/18,34,29.6,24,28,23,19,85,76.6,67,13,7.5,0,29.5,29.4,29.4,0
11/20/18,36,31.8,30,23,21.5,20,72,66,54,18,12.2,6,29.6,29.5,29.4,0
11/21/18,38,33,29,24,22.6,21,75,65.5,54,14,10.3,6,29.7,29.6,29.4,0
11/22/18,39,34.5,31,29,25.2,19,82,68.8,61,14,11,7,29.7,29.6,29.5,0
11/23/18,51,43.6,35,41,35.3,29,86,73.2,59,20,11.9,8,29.5,29.2,28.9,0
11/24/18,48,44.3,40,43,39.4,34,93,83.3,74,18,10.2,6,29.1,28.9,28.8,0.17
11/25/18,40,38,33,35,33.1,31,96,82.7,77,29,15,0,29.2,29.1,28.9,0
11/26/18,33,28.5,25,32,22.4,16,96,78.3,66,29,18,8,29.3,29.2,28.9,0.89
11/27/18,25,22.4,20,17,14.6,13,78,72,62,13,10.3,7,29.4,29.3,29.3,0
11/28/18,28,24.8,18,23,17.7,12,85,74.5,66,10,6.6,0,29.4,29.4,29.3,0
11/29/18,36,32.7,28,29,25.1,22,82,73.8,67,10,5.6,0,29.3,29.2,29.2,0
11/30/18,43,37.2,32,33,30.4,26,86,76.8,65,16,5.8,0,29.4,29.3,29.3,0
12/1/18,46,40.5,35,44,37.6,32,93,89.5,83,23,13.3,0,29.3,28.9,28.6,0
12/2/18,47,41.7,36,43,37.5,30,97,85.4,71,20,9.1,0,29.1,28.8,28.6,0.85
12/3/18,36,33.2,30,30,26.9,22,89,77.6,69,24,13.7,8,29.5,29.3,29.1,0.04
12/4/18,32,30.6,28,22,20.9,17,75,67.3,59,13,9.3,7,29.6,29.5,29.4,0
12/5/18,32,28.6,25,25,21.1,16,85,73.9,61,17,10.3,5,29.5,29.4,29.4,0
12/6/18,33,28.7,20,26,17.7,11,85,64.4,47,16,10.2,6,29.8,29.6,29.4,0
12/7/18,27,20.8,17,14,10,8,74,63.3,53,17,7.8,0,29.9,29.8,29.8,0
12/8/18,30,25.3,21,17,14.5,11,78,63.9,53,9,4.7,0,29.9,29.9,29.8,0
12/9/18,35,25.5,18,21,17.7,14,85,73.6,50,7,3.5,0,29.8,29.7,29.6,0
12/10/18,33,25.1,18,23,18.4,13,85,76.3,54,13,6.9,0,29.6,29.6,29.4,0
12/11/18,39,31.7,26,27,23.9,21,82,73.4,57,14,7.9,0,29.4,29.4,29.3,0
12/12/18,43,36.4,30,31,26.6,22,79,67.9,55,21,12.1,3,29.3,29.2,29.1,0
12/13/18,43,37.7,27,38,31.7,21,93,79.7,60,12,6.2,0,29.4,29.4,29.3,0
12/14/18,42,39.9,35,41,38.9,34,100,96.5,93,13,7.8,3,29.6,29.5,29.4,0.36
12/15/18,48,37.1,31,35,32.7,30,100,85.9,50,14,7.7,0,29.5,29.5,29.4,0
12/16/18,49,35.8,29,34,31.2,29,100,85.6,48,12,6.2,0,29.5,29.4,29.4,0
12/17/18,40,32.8,26,29,22.9,20,96,68.8,45,14,6.7,0,29.6,29.5,29.4,0
12/18/18,42,32.8,22,30,26.6,22,100,79.7,57,12,6.9,0,29.6,29.5,29.3,0
12/19/18,49,42.2,34,41,32.9,26,79,70,58,17,11.3,7,29.3,29.2,29.1,0
12/20/18,48,44.7,39,46,41.6,37,100,89,76,15,8,0,29.1,29,28.9,0
12/21/18,40,34.1,31,38,29.2,24,93,82.3,72,21,14.9,9,29.1,29,28.9,0.06
12/22/18,35,31.8,30,29,25.3,23,85,77.4,72,12,7,0,29.4,29.3,29.2,0
12/23/18,39,33.9,30,28,24.9,18,85,70.7,48,23,11.6,3,29.5,29.4,29.4,0
12/24/18,34,29.4,25,22,17.4,14,72,61.4,50,14,7.8,0,29.6,29.6,29.5,0
12/25/18,46,36.7,31,34,29.1,23,92,74.6,58,10,5.3,0,29.7,29.6,29.6,0.01
12/26/18,48,38.7,29,32,29.3,26,96,70.8,48,16,5.9,0,29.8,29.7,29.6,0
12/27/18,53,46.1,40,51,41.9,29,97,85.9,60,23,17.1,12,29.5,29.1,28.9,0
12/28/18,54,36.8,29,50,32.1,26,92,83.3,73,26,17.3,10,29.5,29.2,28.9,0.52
12/29/18,30,28.7,24,28,25.4,18,96,87.5,77,18,8,0,29.7,29.6,29.5,0.01
12/30/18,37,28.5,21,28,20.9,16,82,73.6,56,18,11.7,7,29.5,29.4,29.3,0
12/31/18,41,37.9,34,40,35.7,28,100,92.4,76,22,11.1,0,29.3,29.1,28.8,0
1/1/19,36,30.2,27,33,26.7,24,92,86.7,82,15,8.3,0,29.7,29.6,29.3,0.66
1/2/19,32,29.9,27,30,25.7,21,96,84.5,72,18,9.4,0,29.6,29.5,29.3,0
1/3/19,40,32.3,25,30,25.4,21,88,76.2,58,15,11.4,7,29.4,29.3,29.2,0
1/4/19,50,38.6,32,32,28.6,26,85,69.2,43,12,8.2,5,29.2,29.1,29,0
1/5/19,53,41.2,32,39,33.6,29,89,75.3,55,15,8,3,29.4,29.2,29.1,0
1/6/19,42,39.5,37,34,31.4,28,86,73.1,63,20,12.7,8,29.6,29.5,29.4,0
1/7/19,55,48.2,41,52,44.1,34,94,85.7,73,24,17.8,7,29.3,29,28.9,0
1/8/19,47,39.9,26,40,30.6,13,93,71.6,39,26,15.1,5,29.4,29.2,29,0.38
1/9/19,25,20.8,17,11,7.5,4,63,56.8,51,22,15.1,8,29.7,29.6,29.4,0
1/10/19,25,20.4,15,16,10.5,4,75,65.5,59,13,5.4,0,29.8,29.7,29.7,0
1/11/19,31,28.5,23,21,19.6,17,78,69.8,64,12,6.5,0,29.7,29.7,29.6,0
1/12/19,31,30.4,30,28,26,21,92,83.5,69,20,11.7,5,29.7,29.6,29.6,0
1/13/19,32,29.7,27,27,22.8,20,89,75.7,64,18,12.9,5,29.7,29.7,29.6,0.07
1/14/19,28,25.1,22,22,20.3,17,88,81.7,78,15,9.6,6,29.7,29.6,29.6,0
1/15/19,32,27.7,26,30,23.9,22,92,85.2,81,18,12.5,6,29.6,29.5,29.4,0
1/16/19,34,32.2,29,31,24,19,92,72.2,54,15,9.2,3,29.6,29.5,29.4,0
1/17/19,35,32.3,30,30,26.9,22,92,80.2,72,9,5.4,0,29.6,29.4,29.3,0
1/18/19,32,30.3,29,27,24.5,22,92,79.7,69,20,12.1,5,29.5,29.4,29.4,0
1/19/19,29,25.2,15,27,21.1,8,92,84.5,74,26,19.8,13,29.4,29.4,29.3,0.03
1/20/19,17,11.7,7,8,1.1,-3,77,62.9,54,18,14.5,9,29.8,29.6,29.4,0.01
1/21/19,15,11.1,9,5,0.2,-8,84,63.3,41,15,8.3,0,29.9,29.8,29.7,0
1/22/19,35,27.1,14,34,21.2,1,96,79.8,54,16,10.5,5,29.6,29.4,29.2,0
1/23/19,35,29,21,35,27,14,100,92.2,74,16,9.6,0,29.2,29.1,29,0.23
1/24/19,22,14.5,3,17,8.8,-5,88,78.2,69,23,14.2,5,29.4,29.3,29.2,0.07
1/25/19,7,2.9,-4,1,-5,-12,80,70,55,17,11.1,3,29.6,29.5,29.5,0
1/26/19,13,7.2,-4,8,0.3,-11,84,73.9,56,13,6.7,0,29.5,29.4,29.3,0
1/27/19,11,5.4,-1,-1,-4.7,-8,83,64.3,46,14,7.7,3,29.5,29.4,29.2,0.03
1/28/19,35,22,9,33,18.2,-1,100,85.3,56,22,15.6,9,29.2,29,28.8,0.15
1/29/19,11,3.3,-8,3,-6.2,-21,76,65,52,23,17.7,9,29.4,29.3,29.2,0.1
1/30/19,-10,-15.8,-21,-21,-26.6,-32,64,58.3,47,22,17.1,12,29.7,29.6,29.4,0
1/31/19,2,-7.4,-20,-4,-15.7,-25,79,67.8,49,10,5.6,0,29.8,29.7,29.6,0
2/1/19,20,11.8,3,11,5.3,-2,83,75.8,65,10,6,3,29.7,29.6,29.6,0.03
2/2/19,41,33.3,15,37,30.3,10,100,89.4,80,14,10.7,5,29.5,29.4,29.3,0
2/3/19,49,43.5,39,45,42.1,39,100,94.8,83,14,10.3,5,29.2,29.2,29.1,0
2/4/19,51,45.1,30,50,42.7,26,100,91.6,82,15,12,7,29.3,29.1,29,0
2/5/19,34,31.1,27,33,26.8,20,100,84.6,70,15,9.9,0,29.5,29.4,29.3,0.02
2/6/19,38,34.5,33,35,33.3,31,100,95.4,85,13,6.8,0,29.3,29.3,29.2,0.26
2/7/19,46,32.6,11,46,30.5,3,100,92.1,67,31,12.1,0,29.4,29.1,28.9,0.33
2/8/19,15,9.8,6,2,-0.7,-4,70,62.8,54,25,19.1,9,30.1,29.8,29.4,0.13
2/9/19,25,16.7,7,15,6.3,-3,72,64.3,46,10,6.3,0,30.2,30.1,29.9,0
2/10/19,29,26.6,23,26,20.7,12,93,79.2,58,12,6.3,0,29.9,29.6,29.5,0
2/11/19,32,30.6,29,29,26.7,25,92,85.6,79,21,12.5,0,29.5,29.4,29.2,0.04
2/12/19,33,30.1,21,32,27.8,15,100,91.3,78,26,14.4,0,29.1,28.9,28.8,0.44
2/13/19,30,20.7,13,23,14.1,8,81,75.8,69,24,16.3,7,29.3,29.2,29.1,0.01
2/14/19,45,39.4,31,37,31.2,24,82,72.4,65,21,12.2,7,29.1,28.9,28.8,0
2/15/19,29,18.4,12,23,8.5,3,78,65.5,57,23,13.5,6,29.4,29.3,29,0
2/16/19,30,24.2,18,21,14.6,6,72,67.1,60,15,10,6,29.4,29.4,29.3,0
2/17/19,29,27.1,25,26,23.1,17,96,84.8,71,17,10.5,3,29.3,29.2,29.1,0
2/18/19,30,25.6,22,25,19.9,13,93,79.6,58,13,7.5,0,29.9,29.6,29.3,0.11
2/19/19,32,25.6,16,22,16.3,10,84,68.3,51,13,5.1,0,30,29.8,29.6,0
2/20/19,36,32.2,29,35,28.9,21,97,87.8,67,21,14.7,10,29.6,29.2,29,0.01
2/21/19,34,30.4,27,22,18.9,16,75,63,50,21,11.5,3,29.7,29.5,29.3,0.03
2/22/19,38,31.8,24,28,22.3,15,79,68.3,55,13,8,3,29.8,29.7,29.5,0
2/23/19,48,38.6,35,48,36.2,26,100,91.6,70,25,10,3,29.5,29.1,28.7,0
2/24/19,46,30,14,46,21.9,1,100,72.3,56,38,26.4,8,29.5,29,28.6,0
2/25/19,22,16.5,9,3,-1.3,-4,61,46.7,34,23,10.3,3,29.8,29.7,29.5,0
2/26/19,25,22.3,18,17,11.8,2,81,64.4,46,17,13,7,29.8,29.8,29.6,0
2/27/19,31,25.5,17,21,15.5,5,75,66,58,17,9.7,0,29.6,29.5,29.4,0
2/28/19,28,21.6,14,18,11,4,77,64.1,51,9,4.6,0,29.6,29.6,29.5,0
3/1/19,34,30.3,26,24,21.1,16,72,68.5,61,9,5.7,0,29.5,29.5,29.4,0
3/2/19,34,29.9,28,26,21.3,15,92,71.2,48,15,8.2,0,29.6,29.5,29.4,0
3/3/19,28,20.1,6,19,5.9,-6,72,55.2,32,15,11.6,8,29.6,29.5,29.5,0
3/4/19,14,6.4,-2,-1,-6.5,-12,66,56,46,20,15.6,12,29.6,29.5,29.4,0
3/5/19,21,13.8,9,3,0.8,-2,73,57.4,40,23,16.2,12,29.6,29.5,29.4,0
3/6/19,31,21.3,10,12,5.6,1,70,52.3,35,21,13,7,29.7,29.6,29.5,0
3/7/19,28,23.8,17,17,12.1,8,75,61.3,53,13,6.2,0,29.7,29.7,29.6,0
3/8/19,39,30.8,25,27,23.5,16,85,74.7,62,9,6.3,3,29.6,29.5,29.4,0
3/9/19,43,37.9,29,43,33.9,25,100,86.7,58,33,15.3,5,29.4,29,28.7,0
3/10/19,38,35.6,31,33,27.5,20,86,72.9,64,30,21.6,12,29.6,29.3,28.8,0.37
3/11/19,42,33.5,28,23,19,15,75,56.3,41,15,9.7,3,29.7,29.7,29.6,0
3/12/19,48,38.6,26,29,24.9,21,81,59.7,37,16,8.8,0,29.7,29.6,29.4,0
3/13/19,61,48.1,41,49,40.8,27,89,76.7,51,17,11.8,9,29.3,29.2,29,0.15
3/14/19,63,53.9,41,57,47.6,35,93,79.6,59,28,18.2,3,28.9,28.8,28.6,0.32
3/15/19,41,37.5,34,37,31.6,21,100,80.6,50,24,16.9,12,29.5,29.2,28.9,0.32
3/16/19,43,35,29,24,20.6,18,76,57.3,40,14,10.2,5,29.7,29.6,29.5,0
3/17/19,45,36.3,30,29,22.3,15,85,60,31,17,6.8,0,29.6,29.6,29.5,0
3/18/19,43,36.5,28,26,24.1,22,85,62.4,47,15,7.6,3,29.7,29.7,29.6,0
3/19/19,50,41.2,31,27,24.5,21,79,54.1,35,14,8,5,29.7,29.7,29.6,0
3/20/19,45,42.1,40,41,36.3,27,93,80.4,53,15,9.3,5,29.5,29.3,29.2,0
3/21/19,45,39.8,37,36,34.3,31,96,81.4,60,17,10.7,7,29.4,29.3,29.2,0.08
3/22/19,45,39,33,33,27.2,23,79,63.8,43,21,11.7,5,29.6,29.4,29.3,0
3/23/19,52,40.2,27,28,25.1,23,89,58.7,34,9,3.9,0,29.7,29.6,29.5,0
3/24/19,51,44.2,36,42,33.9,23,89,69.2,43,18,7.8,0,29.5,29.4,29.4,0
3/25/19,41,36.5,32,32,22.4,10,86,59,31,23,16.5,8,29.7,29.6,29.5,0.11
3/26/19,45,37,27,24,12.9,5,76,41.9,20,10,5.7,0,29.8,29.8,29.7,0
3/27/19,58,45.8,31,40,22.8,13,79,41.7,30,18,11.5,0,29.7,29.6,29.4,0
3/28/19,65,52.5,45,45,38.9,30,74,60.5,48,18,11.7,6,29.4,29.4,29.3,0.08
3/29/19,55,46.3,40,38,33.6,29,89,62.4,45,12,8,5,29.4,29.4,29.2,0.01
3/30/19,43,38.6,32,38,31.8,22,93,77.9,47,23,13.7,7,29.4,29.2,29.1,0.61
3/31/19,39,31.5,25,24,12.6,6,82,47.4,32,18,12.8,5,29.7,29.6,29.5,0
4/1/19,48,38.9,28,30,22.8,16,69,53.4,39,23,12.7,5,29.7,29.6,29.4,0
4/2/19,56,44.9,38,36,30.8,26,70,59.1,32,24,14.3,8,29.4,29.3,29.3,0
4/3/19,59,48.8,38,38,28.9,20,73,49.4,26,17,9.8,0,29.6,29.6,29.4,0
4/4/19,49,44.4,40,43,40.7,38,93,87.1,71,16,11,0,29.7,29.6,29.5,0.16
4/5/19,55,47.3,41,46,40.4,37,89,77.6,64,12,3.9,0,29.5,29.4,29.4,0.16
4/6/19,64,51.6,42,49,44.9,40,97,79.5,58,14,4.7,0,29.5,29.4,29.4,0
4/7/19,70,61.6,54,59,52.1,46,84,71.3,63,22,10.4,3,29.4,29.2,29.1,0
4/8/19,73,63.6,53,53,44.6,31,93,56.2,21,15,8.2,0,29.2,29.2,29.1,0.08
4/9/19,66,58,44,41,33.5,26,69,42.6,23,28,12.7,3,29.3,29.2,29.1,0
4/10/19,42,38.8,36,36,32.6,28,89,78.5,62,25,16.7,12,29.4,29.3,29.2,0
4/11/19,61,49,39,52,39.8,32,96,71.9,49,24,13.9,0,29.2,29,28.8,0.06
4/12/19,54,48.3,40,52,32.3,24,93,56.3,38,30,17.8,0,29.3,29.1,28.9,0.47
4/13/19,53,44.2,37,28,24.9,22,57,47.6,35,16,12.8,9,29.4,29.4,29.3,0
4/14/19,40,34.3,33,33,31.1,25,96,88.9,55,24,17.1,10,29.3,29.1,28.9,0.05
4/15/19,53,42.1,32,37,30.5,26,96,66.8,41,14,8.7,5,29.4,29.3,29.1,0.4
4/16/19,75,58,48,52,44.3,37,80,61.6,44,16,10.6,5,29.3,29.3,29.2,0
4/17/19,76,62.3,47,58,49.3,42,86,65.3,42,22,11.8,3,29.3,29.1,28.9,0
4/18/19,65,53.4,44,59,48.8,37,97,84.5,73,18,11.6,5,29.1,29,28.9,0.08
4/19/19,49,44.1,41,37,32.4,20,79,65.3,35,30,21.7,14,29.2,29.1,29.1,0.44
4/20/19,64,51.8,42,28,17.4,6,55,30,10,25,14.6,0,29.2,29.2,29.1,0
4/21/19,78,63,46,38,29.4,18,40,28.9,22,15,8.1,3,29.4,29.3,29.2,0
4/22/19,80,68.8,59,57,47,36,68,46.6,36,23,13,7,29.4,29.3,29.2,0
4/23/19,66,56.2,51,58,47,39,90,71.7,59,17,9.8,0,29.4,29.3,29.2,0.19
4/24/19,63,55.4,46,40,36.5,31,73,50.6,37,13,5.8,0,29.4,29.3,29.2,0
4/25/19,65,57.3,50,48,39.6,31,83,52.8,39,25,6.2,0,29.2,29.1,29,0
4/26/19,64,56.2,50,48,34.6,23,89,50,26,23,16.4,7,29.3,29.1,29,0.06
4/27/19,50,36.5,33,36,32.4,26,100,87.3,39,24,12.1,5,29.3,29.2,29.1,0
4/28/19,51,43.4,34,35,26.6,17,93,55.7,26,18,11.8,5,29.6,29.5,29.3,0.85
4/29/19,52,47.9,44,48,43.7,36,96,85.7,63,23,11.1,3,29.5,29.4,29.3,0.4
4/30/19,50,45.1,40,49,43.8,39,100,95.1,86,18,10.9,5,29.6,29.5,29.3,0
5/1/19,60,52.4,45,59,50,43,100,91.9,75,22,9.6,3,29.4,29.3,29.1,0
5/2/19,49,44.8,43,47,43.3,42,100,94.6,90,14,8.7,3,29.4,29.4,29.4,0.04
5/3/19,56,48.5,45,43,39.9,36,93,73.5,51,17,10.9,5,29.4,29.4,29.4,0
5/4/19,61,51.4,43,40,37.8,34,85,62,41,13,6.7,0,29.4,29.3,29.3,0.02
5/5/19,74,61.3,45,51,42.1,36,74,51.3,36,14,6.4,0,29.3,29.2,29.2,0
5/6/19,72,57.2,47,51,45.8,38,80,66.8,44,16,9.2,0,29.4,29.3,29.2,0
5/7/19,49,46.8,45,45,41.4,33,97,82.8,61,20,12.1,7,29.6,29.5,29.4,0.41
5/8/19,74,58.8,47,59,47,35,87,65.8,52,20,12.7,7,29.5,29.3,29.1,0.1
5/9/19,69,60.7,50,64,56.5,41,100,86.8,64,20,10.2,0,29.3,29.1,29,0
5/10/19,55,48.8,46,41,37.3,35,76,65.2,49,15,9.2,3,29.5,29.4,29.3,0
5/11/19,53,47.7,45,41,38.1,32,82,70,45,16,8.3,0,29.5,29.4,29.3,0
5/12/19,52,46.7,43,40,38,36,86,72.6,54,16,11.2,5,29.3,29.2,29.2,0.07
5/13/19,60,51.6,44,41,38.3,36,86,62,42,16,8.3,0,29.3,29.3,29.2,0.08
5/14/19,69,58.2,44,41,36,31,82,47.8,26,15,4.9,0,29.4,29.3,29.3,0
5/15/19,75,65.2,52,50,46,36,77,51.5,36,7,3.8,0,29.3,29.3,29.2,0
5/16/19,76,67.8,59,66,59.6,49,88,75.2,58,15,8.6,0,29.2,29.1,29,0
5/17/19,69,54.7,46,67,48.7,39,93,80.4,66,21,11.3,3,29.3,29.2,29,0.28
5/18/19,83,61.3,45,64,53.8,40,93,78.3,45,26,8.2,0,29.2,29.1,29,0.13
5/19/19,73,65.7,53,63,57.7,50,97,76.1,57,29,15.7,3,29.1,29,28.9,0.47
5/20/19,57,51.3,48,48,40.6,34,80,67,56,20,11.5,0,29.5,29.4,29.2,0.29
5/21/19,56,50.9,46,46,42,35,93,72.6,57,23,14.3,5,29.5,29.4,29.2,0.05
5/22/19,82,63,51,65,54.6,44,100,77.6,38,23,12.1,0,29.3,29.2,29.1,0.79
5/23/19,76,70.4,65,68,54.9,46,93,60.8,38,20,13,0,29.4,29.3,29.2,0
5/24/19,78,64.8,56,68,55.4,47,90,72.1,59,15,8.6,3,29.5,29.4,29.2,0.06
5/25/19,83,77.3,72,68,65,62,84,66.5,53,18,11.8,6,29.3,29.3,29.2,0.05
5/26/19,75,67.3,56,66,56.3,47,81,68.2,53,13,7.1,0,29.4,29.4,29.3,0
5/27/19,75,65.2,55,68,60.1,46,100,84.7,56,21,8.8,0,29.4,29.2,29,0.01
5/28/19,71,60.2,52,67,56.1,50,100,87,71,28,10.2,0,29.2,29.1,29,1.28
5/29/19,74,60.3,52,61,55.5,52,100,85.3,64,18,7.8,3,29.1,29.1,29,0
5/30/19,79,68.3,62,62,58.2,54,96,71.6,50,17,6.5,0,29.2,29.1,29,0.13
5/31/19,82,72.8,61,63,59.3,56,87,64.3,44,17,9.4,0,29.2,29.2,29.1,0
6/1/19,80,67.8,55,64,59,47,90,74.2,54,26,9.1,0,29.1,29.1,29,0
6/2/19,69,61.5,54,48,42.8,37,69,51.4,35,17,8.8,3,29.3,29.3,29.2,0.03
6/3/19,67,58.7,51,48,40.7,37,74,52.3,41,12,8.4,0,29.5,29.4,29.4,0
6/4/19,83,71.1,60,65,56.6,49,90,61.5,38,17,9.8,3,29.4,29.3,29.1,0
6/5/19,84,72.4,60,69,64.4,57,97,77.7,49,15,9.7,3,29.2,29.1,29,0.53
6/6/19,75,64.8,57,63,58.1,56,96,79.9,64,10,6.5,0,29.3,29.2,29.2,0.01
6/7/19,80,68.5,57,62,56.8,51,93,67.5,48,17,9.6,3,29.3,29.3,29.3,0
6/8/19,78,70.3,61,60,54.7,51,78,58.4,46,16,10.6,5,29.3,29.3,29.3,0
6/9/19,72,68.7,66,68,62.8,54,97,82.1,63,12,6.4,0,29.3,29.3,29.3,0
6/10/19,75,67.5,62,65,50.9,39,97,59.9,28,21,12.6,0,29.5,29.4,29.3,0.03
6/11/19,82,71.9,58,47,42.9,38,65,38.1,22,14,8.8,5,29.5,29.4,29.4,0
6/12/19,73,65.7,58,58,52,45,97,64.4,39,14,10.1,3,29.3,29.2,29.1,0
6/13/19,68,59.5,53,53,44.5,38,90,60.9,34,26,15.7,5,29.4,29.2,29.1,0.72
6/14/19,80,67.3,53,57,46.8,42,81,50.5,28,25,13.5,6,29.4,29.3,29.2,0
6/15/19,71,65.2,57,68,61.3,54,100,87.8,68,16,8.4,0,29.2,29.1,29.1,0.04
6/16/19,65,59.1,56,60,56.1,53,100,90.2,75,15,7.4,0,29.3,29.2,29,0
6/17/19,68,60.4,56,58,55,52,93,83,68,9,7,5,29.4,29.3,29.3,0
6/18/19,79,65,57,61,58,54,97,80.3,46,9,4.3,0,29.3,29.3,29.2,0
6/19/19,74,63.4,56,62,57.8,54,97,82.8,64,15,8.9,0,29.2,29.1,29,0
6/20/19,70,60.7,56,60,56.5,49,100,87.1,65,17,11.1,3,29.3,29.1,28.9,0.5
6/21/19,72,63.3,53,53,47.9,45,89,59.6,41,14,6.3,0,29.4,29.3,29.3,0.01
6/22/19,81,72,62,64,58.9,50,78,63.9,54,20,10.2,6,29.4,29.3,29.3,0
6/23/19,82,74.1,66,72,67,57,96,78.8,66,17,9.3,0,29.3,29.2,29,0.12
6/24/19,78,72.4,68,70,66.7,56,96,82.8,53,22,11.7,6,29.1,29,28.9,0.13
6/25/19,85,76.5,63,62,60.7,59,87,60.4,41,25,13.1,6,29.3,29.2,29.1,0.05
6/26/19,89,77.9,70,66,62.9,59,84,61.8,39,12,7.2,3,29.4,29.4,29.3,0
6/27/19,90,77.9,69,71,66.5,63,87,69.4,46,21,9,6,29.5,29.5,29.4,0.16
6/28/19,90,80,72,72,67.8,63,87,67.3,48,15,8.7,3,29.5,29.4,29.4,0
6/29/19,86,79.3,72,69,67,63,84,66.7,55,13,6.7,0,29.4,29.4,29.4,0.45
6/30/19,89,77.7,73,70,67.6,63,90,72.1,52,29,9.1,0,29.4,29.4,29.2,0
7/1/19,89,81.1,70,72,68.8,66,97,68,48,12,7.5,3,29.4,29.3,29.3,0.26
7/2/19,92,82.4,72,74,71.8,69,97,72,47,22,10.9,3,29.3,29.2,29.1,0
7/3/19,85,76.7,71,73,69.8,67,97,80.3,58,14,6.7,0,29.3,29.2,29.2,1.34
7/4/19,91,80.4,71,72,70.2,69,96,72.7,50,13,7.2,0,29.3,29.3,29.2,0.01
7/5/19,92,83.5,76,73,71.8,70,91,69,50,13,7,0,29.4,29.3,29.3,0
7/6/19,85,77.1,70,73,67.1,59,91,71.6,54,20,10.7,0,29.4,29.3,29.3,0
7/7/19,78,72,68,64,58.1,50,87,63.1,43,17,13,7,29.4,29.4,29.3,0
7/8/19,82,73.3,66,62,55.3,49,78,53.8,44,13,7.7,5,29.4,29.4,29.4,0
7/9/19,89,78.8,68,64,60.8,57,87,56.5,34,12,6.8,0,29.4,29.3,29.3,0
7/10/19,95,85.6,76,75,67.5,59,85,57.1,34,15,10.6,7,29.3,29.2,29.2,0
7/11/19,81,75.8,69,65,62,58,73,62.8,49,14,8.4,3,29.3,29.3,29.2,0
7/12/19,87,76.3,62,62,57.8,51,86,55.1,38,12,5.6,0,29.3,29.3,29.3,0
7/13/19,93,81.9,73,74,67.2,63,91,62.3,44,17,10.1,6,29.4,29.3,29.3,0
7/14/19,88,80.4,73,69,65.3,62,79,60.7,44,15,7.6,0,29.4,29.4,29.4,0.14
7/15/19,91,82.6,75,70,66.1,62,82,58.8,42,22,13,6,29.4,29.4,29.3,0
7/16/19,82,77.1,72,75,72.2,63,97,85,58,14,6.6,0,29.3,29.3,29.2,0.07
7/17/19,90,81.7,75,74,72.2,69,94,74.1,55,12,5.7,0,29.3,29.2,29.2,0.08
7/18/19,88,77.7,71,79,73.9,71,100,88.8,69,21,10.2,0,29.3,29.2,29.1,0.28
7/19/19,94,87.1,81,79,77.8,76,91,74.7,62,17,12.8,8,29.2,29.2,29.1,1.43
7/20/19,96,83.7,76,79,73.8,69,85,72.6,51,23,14.1,3,29.3,29.2,29.2,0.01
7/21/19,80,74.2,71,72,67.3,56,97,80.1,52,18,10.9,5,29.3,29.3,29.2,0
7/22/19,75,70.7,64,64,54.2,45,87,57.7,35,22,13.8,6,29.4,29.4,29.3,0.32
7/23/19,80,71.3,62,61,56.3,52,75,60.1,42,16,8.1,0,29.4,29.4,29.4,0
7/24/19,79,72.5,62,60,51.8,45,86,51.7,30,12,5.4,0,29.5,29.5,29.4,0
7/25/19,84,75.3,64,59,55.5,52,70,51.2,38,10,5.8,0,29.6,29.5,29.5,0
7/26/19,85,77.2,68,64,61.7,59,73,59.4,46,17,10,5,29.6,29.5,29.4,0
7/27/19,89,80.6,72,65,64.3,63,73,58.4,45,20,13.5,8,29.5,29.4,29.4,0
7/28/19,90,81.7,73,69,66.6,64,81,61.5,42,20,11.7,6,29.4,29.4,29.3,0
7/29/19,82,75.9,72,73,69.9,66,96,82,66,16,10.4,0,29.3,29.2,29.2,0
7/30/19,78,72.4,67,65,61.7,57,90,69.6,57,13,8.5,3,29.4,29.3,29.3,0.68
7/31/19,76,69.9,64,60,54.7,50,87,60.1,43,15,9.4,5,29.5,29.5,29.4,0
8/1/19,80,71.7,61,61,56,51,83,59.1,42,13,6.4,0,29.5,29.5,29.5,0
8/2/19,82,74.6,64,64,58.6,51,87,60,37,12,6.2,0,29.5,29.5,29.4,0
8/3/19,88,77.6,64,65,58.4,49,96,55.5,32,10,4.2,0,29.4,29.4,29.3,0
8/4/19,85,78.7,74,68,65.3,56,82,63.9,46,10,6,0,29.4,29.4,29.3,0
8/5/19,90,81.3,72,68,65,62,84,59.5,39,16,7.4,0,29.4,29.3,29.2,0
8/6/19,84,74.9,70,70,66.3,63,96,75.4,49,15,8,0,29.2,29.2,29.1,0.27
8/7/19,87,78.7,69,66,62.8,59,90,60.8,40,16,8,0,29.2,29.2,29.1,0
8/8/19,87,79,73,67,58.9,47,81,52.7,25,20,10.9,0,29.3,29.2,29.1,0
8/9/19,82,73.4,63,59,54.9,51,75,53.9,34,10,5.6,0,29.3,29.3,29.3,0
8/10/19,84,75.5,68,59,56.9,55,68,53.1,37,13,6.4,0,29.4,29.3,29.3,0
8/11/19,83,76,70,71,63.7,56,87,66.4,50,13,8.2,3,29.4,29.3,29.3,0
8/12/19,83,76.1,73,74,72.2,70,97,88.2,65,17,5.3,0,29.3,29.2,29.1,0
8/13/19,84,75.5,71,72,69.9,67,97,83.7,61,14,6.9,0,29.3,29.2,29.1,0.54
8/14/19,82,73.3,67,69,66.4,63,97,79.6,58,20,8.2,0,29.3,29.3,29.2,0.23
8/15/19,78,71.2,65,64,61.4,59,93,72.5,56,14,8.2,0,29.3,29.3,29.3,0.45
8/16/19,84,74.4,65,67,63.8,59,87,70.4,56,18,9.2,3,29.3,29.2,29.2,0
8/17/19,78,74.3,70,72,69,66,93,83.5,74,9,6,0,29.3,29.2,29.2,0
8/18/19,83,74.5,69,70,68.4,65,100,82.6,62,21,8,0,29.3,29.2,29.1,0.07
8/19/19,84,78.5,72,73,69.8,67,91,75.3,58,10,4.5,0,29.4,29.3,29.3,1.37
8/20/19,78,74.2,70,75,70,65,93,87.2,69,15,5.4,0,29.4,29.3,29.2,0
8/21/19,83,75.3,65,71,67.8,63,93,78.3,63,15,7.3,0,29.3,29.3,29.2,0
8/22/19,78,72.9,69,65,58.6,51,78,61.3,46,18,10.5,3,29.4,29.3,29.3,0
8/23/19,74,70.2,67,57,53.7,51,68,56.3,45,17,10.9,7,29.6,29.5,29.4,0
8/24/19,74,69.7,64,57,52.1,48,70,54.4,40,15,9.9,3,29.6,29.6,29.5,0
8/25/19,77,70.9,63,59,53.5,48,70,54.9,40,15,10.3,5,29.5,29.4,29.3,0
8/26/19,78,71.7,66,73,66.7,58,94,84.6,63,18,11.2,6,29.3,29.1,29,0.13
8/27/19,80,72.6,66,67,60.9,54,93,68.8,45,15,10.5,6,29.2,29.2,29.1,0.45
8/28/19,76,68.8,61,54,52.1,50,70,56.5,40,22,12.8,6,29.3,29.3,29.2,0
8/29/19,85,73.4,60,68,59.7,53,83,63.5,44,25,13.6,5,29.3,29.3,29.1,0
8/30/19,74,68.8,63,53,51,49,70,53.6,41,10,6.8,0,29.6,29.4,29.3,0
8/31/19,75,68.7,64,62,54.5,50,81,61.1,48,17,9.9,6,29.6,29.6,29.5,0
9/1/19,72,67.5,62,63,61,58,97,80,68,14,4.7,0,29.5,29.4,29.4,0.78
9/2/19,83,73.1,62,64,62.8,60,97,71.8,51,9,5.6,0,29.4,29.4,29.4,0
9/3/19,81,73.5,68,74,66.1,57,90,77.8,57,25,12.5,0,29.4,29.2,29.1,0
9/4/19,69,65.8,62,56,54.4,52,75,66.5,58,13,9.4,5,29.5,29.4,29.3,0.17
9/5/19,72,65.2,57,56,52.3,50,78,63.6,48,10,4.8,0,29.5,29.4,29.3,0
9/6/19,74,68.8,65,64,59.1,56,81,71.4,63,17,11.1,5,29.4,29.3,29.2,0
9/7/19,79,68.7,58,59,56.4,54,90,66.5,46,16,8.9,5,29.4,29.4,29.3,0
9/8/19,67,65,63,59,55.5,50,87,71.5,56,13,8.4,5,29.5,29.4,29.4,0
9/9/19,78,69.1,63,67,62.1,58,90,78.9,66,12,7,0,29.5,29.5,29.4,0.05
9/10/19,90,81,73,72,68.8,65,81,67,52,20,11,0,29.4,29.4,29.4,0
9/11/19,90,80.5,71,73,71.1,65,90,73.8,52,20,10.6,5,29.5,29.4,29.3,0
9/12/19,81,72.7,68,71,68.2,66,96,86.1,69,14,7,0,29.5,29.4,29.3,0.37
9/13/19,79,72.3,62,71,64.6,53,97,77.8,57,23,10.6,0,29.5,29.4,29.3,0.63
9/14/19,81,70.5,58,61,57.4,54,90,64.8,45,14,7.9,3,29.6,29.5,29.4,0.01
9/15/19,77,70.3,64,70,64.5,58,96,82.2,64,17,11.3,3,29.5,29.4,29.3,0
9/16/19,75,70.7,67,69,66.7,64,93,87.4,69,12,6.6,0,29.5,29.4,29.4,0.15
9/17/19,78,70.8,66,67,64.8,62,96,81.9,64,12,7.3,3,29.5,29.5,29.4,0
9/18/19,83,73.5,64,63,60.5,58,84,65.2,46,12,8.5,5,29.5,29.4,29.4,0
9/19/19,84,74.3,65,61,58.1,54,70,57.7,43,10,6,3,29.4,29.4,29.4,0
9/20/19,85,77.1,69,69,66.6,62,93,70.8,55,8,4.3,0,29.5,29.4,29.4,0.01
9/21/19,80,75.4,72,70,68.3,67,91,78.7,67,18,12,6,29.4,29.4,29.3,0
9/22/19,78,72.1,68,70,68.2,64,96,87.8,64,20,11.2,6,29.3,29.2,29.1,0.55
9/23/19,74,67.3,62,65,56,49,93,69.6,41,17,9.9,5,29.4,29.3,29.2,0.5
9/24/19,79,69.3,59,59,56,54,83,64,47,17,11.3,0,29.4,29.3,29.1,0
9/25/19,79,70.4,66,64,56,49,78,61.6,40,17,13.2,9,29.2,29.1,29,0
9/26/19,72,65.7,57,51,44.7,41,69,48.3,33,14,9.5,5,29.3,29.3,29.2,0
9/27/19,71,66,61,69,56.9,42,96,75,44,21,11.4,5,29.3,29.1,29,0
9/28/19,68,62.6,59,67,60,53,100,91.2,78,16,10.6,5,29.5,29.4,29.1,0
9/29/19,69,64.9,62,66,62.7,59,100,92.4,84,15,8.9,3,29.5,29.5,29.4,0.73
9/30/19,86,74.2,65,71,67.4,65,100,81.7,57,18,6.4,0,29.4,29.4,29.3,0.1
10/1/19,88,80.3,72,72,69.2,66,84,69.4,59,13,10.3,6,29.3,29.3,29.2,0
10/2/19,81,63.2,60,68,60.8,58,100,92.1,65,14,9.4,3,29.3,29.3,29.2,0
10/3/19,68,62.1,53,63,55.9,43,100,81.3,61,20,9.8,0,29.6,29.4,29.2,0.59
10/4/19,59,54,48,50,44.8,41,83,71.6,57,16,11.2,8,29.7,29.7,29.6,0
10/5/19,65,57,49,55,48.8,44,90,74.9,56,15,9.9,0,29.6,29.4,29.2,0
10/6/19,68,60.1,51,56,45,40,87,59.8,36,17,9.6,5,29.5,29.4,29.3,0.28
10/7/19,71,60,50,46,43.1,39,83,56.7,31,14,6.5,0,29.5,29.5,29.5,0
10/8/19,71,60.2,50,51,44.2,40,83,58.6,32,9,4.9,0,29.6,29.5,29.5,0
10/9/19,71,62,54,52,44.9,42,70,54.5,38,14,8.7,3,29.5,29.5,29.4,0
10/10/19,71,63.8,55,63,54.9,45,87,73,56,15,8.7,3,29.4,29.4,29.2,0
10/11/19,68,54.3,40,64,48.5,24,97,81.2,53,20,14,7,29.4,29.3,29.2,0.11
10/12/19,55,46.2,37,33,27.5,24,67,49.4,35,24,16.8,9,29.4,29.3,29.2,0.45
10/13/19,55,47.3,39,34,32.4,31,77,57.5,42,23,12.5,3,29.3,29.2,29.1,0
10/14/19,55,47,39,34,32.1,30,73,56.9,45,13,7.6,3,29.4,29.4,29.3,0
10/15/19,65,54.2,43,59,44.2,34,93,69.7,53,23,12,3,29.4,29.2,29,0
10/16/19,52,48,44,37,35.6,34,71,62.7,50,24,14,6,29.3,29.2,29.1,0.01
10/17/19,55,47.3,42,40,37.4,35,82,69.3,51,10,5.5,0,29.4,29.4,29.3,0
10/18/19,60,50.4,41,40,38.6,37,86,65.7,46,13,6.3,0,29.4,29.3,29.3,0
10/19/19,70,58.1,46,48,41.3,38,76,55.5,35,14,8.7,5,29.2,29.1,29.1,0
10/20/19,59,54.1,50,52,49.2,48,100,83.8,69,12,7.5,0,29.3,29.2,29.1,0
10/21/19,67,58.8,53,59,50.5,38,96,75.7,42,28,16,0,29.2,28.9,28.8,0
10/22/19,53,49.5,46,42,38.6,31,80,66.5,54,24,18,12,29.1,29,28.8,0.08
10/23/19,60,50.3,41,46,36.2,30,80,59.3,42,15,9.2,0,29.3,29.3,29.2,0.05
10/24/19,51,47,43,44,38.3,34,89,72.7,52,13,6.5,0,29.7,29.6,29.3,0.01
10/25/19,50,46.4,43,38,35.6,31,80,66.5,52,8,4.2,0,29.7,29.6,29.5,0
10/26/19,51,46.6,40,49,43.2,36,97,88.4,74,22,13.1,0,29.5,29.1,28.7,0
10/27/19,58,50.5,44,47,42.5,36,96,76.2,47,23,11.8,6,29.3,29.1,28.8,2.29
10/28/19,52,47.6,42,46,41.9,40,93,81.2,66,8,4.8,0,29.4,29.4,29.3,0
10/29/19,48,40.4,37,44,35.5,28,93,83.3,65,20,9.5,0,29.6,29.5,29.3,0.11
10/30/19,43,39.3,33,40,36.4,29,97,89.5,67,20,11.5,6,29.6,29.5,29.3,0.51
10/31/19,39,33.2,28,37,30.3,22,97,89.2,75,22,16.4,9,29.5,29.2,29.1,0.49
11/1/19,46,35.4,25,33,26.7,21,88,72.6,46,15,10.2,5,29.6,29.5,29.5,0.02
11/2/19,45,39.1,34,36,30.4,24,93,72.4,55,20,11.4,7,29.5,29.4,29.4,0
11/3/19,53,43,32,36,30.5,26,85,63.2,43,17,9.9,3,29.5,29.4,29.3,0
11/4/19,52,46.8,39,38,34,29,73,61.3,54,15,10.5,5,29.5,29.3,29.2,0
11/5/19,42,37,32,28,22.3,16,76,56.9,36,18,9.7,3,29.7,29.6,29.5,0
11/6/19,57,40,31,35,28.4,21,89,65.1,39,22,12.9,0,29.7,29.6,29.5,0
11/7/19,32,27.8,22,27,14,7,86,57.7,38,18,13.4,8,29.8,29.7,29.7,0
11/8/19,32,25.7,18,11,8.5,6,68,49.5,34,12,8.1,5,29.8,29.7,29.6,0
11/9/19,47,38.8,28,31,22.6,12,60,52.2,46,17,10.8,5,29.5,29.3,29.2,0
11/10/19,44,40.7,36,35,32.8,30,93,73.6,60,14,9.1,3,29.5,29.4,29.2,0
11/11/19,37,26.1,15,35,20.6,3,96,80.3,56,24,16.8,8,29.7,29.6,29.4,0.13
11/12/19,18,13.7,9,3,0.6,-1,67,56.6,45,20,10.8,5,29.8,29.8,29.7,0.02
11/13/19,27,20.7,13,20,8,1,75,58.3,46,20,12.7,7,29.7,29.5,29.4,0
11/14/19,32,28.3,25,22,20.6,17,81,73,64,14,7.8,3,29.6,29.6,29.4,0
11/15/19,38,30.5,22,28,22.5,17,85,72.9,62,9,4.9,0,29.7,29.7,29.6,0
11/16/19,42,34.9,30,30,27.1,24,89,73.9,55,13,7.2,0,29.8,29.7,29.5,0
11/17/19,42,35.6,29,36,29.1,24,93,77.9,62,9,6.5,3,29.5,29.3,29.1,0
11/18/19,41,37.8,36,37,33.4,31,100,84.6,73,10,6.3,0,29.1,29.1,29.1,0
11/19/19,41,39.4,36,39,35,30,97,84.5,76,6,3.7,0,29.3,29.2,29.1,0
11/20/19,49,43.2,40,39,37.7,36,93,81.7,64,15,6.2,0,29.5,29.5,29.4,0.03
11/21/19,56,48.5,40,52,42.8,31,90,81,67,29,17.4,9,29.4,29.2,29,0.18
11/22/19,39,34.1,29,29,24.2,22,82,67.3,55,17,7.5,0,29.6,29.5,29.4,0.31
11/23/19,40,33.2,28,28,26.3,24,85,76.1,60,13,6.9,0,29.4,29.2,29,0
11/24/19,50,42.6,33,39,33.6,27,89,71.5,57,14,10.3,6,29.1,29,28.9,0
11/25/19,55,44.8,38,40,36.6,33,86,73.7,57,13,7.4,5,29.1,29,28.9,0
11/26/19,54,44.2,34,52,39.5,30,96,84.3,63,14,8.1,0,29.2,29,28.8,0
11/27/19,56,44,34,54,36.2,23,94,74.1,61,38,21.8,12,29.6,29,28.6,0.49
11/28/19,38,35.4,32,34,27.7,22,93,74,64,18,8.7,5,29.8,29.8,29.6,0
11/29/19,40,37.6,35,36,34,33,96,87.1,79,14,6.3,0,29.7,29.6,29.4,0.01
11/30/19,41,38.6,36,40,35.6,33,97,89.4,79,21,13.7,3,29.4,29.1,28.8,0.02
12/1/19,43,38.9,33,42,35.6,28,100,88.2,76,18,11.6,0,29.1,28.8,28.6,0.16
12/2/19,36,32.6,30,28,25.1,22,85,74,64,18,10.8,5,29.4,29.3,29.1,0.06
12/3/19,40,34.4,30,32,27.8,25,88,77.2,63,18,12.6,9,29.3,29.1,28.9,0
12/4/19,44,37.3,32,30,27.4,26,82,68.3,49,22,12.2,5,29.3,29.1,28.9,0
12/5/19,46,38.8,28,36,30,25,92,71.9,53,12,6.2,0,29.4,29.3,29.3,0
12/6/19,43,36.1,29,36,26.5,22,82,68.8,55,20,10.5,0,29.7,29.6,29.3,0
12/7/19,39,33.3,27,26,23.8,21,85,69,53,14,8.1,0,29.7,29.6,29.5,0
12/8/19,48,42.8,35,43,36.1,23,86,77.3,57,17,11,3,29.4,29.2,29.1,0
12/9/19,49,42.9,25,46,38.9,17,97,86.1,71,26,14.3,6,29.2,28.9,28.8,0.01
12/10/19,24,19.5,16,16,8.2,3,74,62.3,42,17,14,10,29.6,29.5,29.2,0.01
12/11/19,25,19.4,14,13,9.4,4,81,65.8,51,21,9.6,3,29.8,29.7,29.6,0
12/12/19,45,34.7,21,28,22.9,14,78,63,49,21,12.9,7,29.8,29.5,29.4,0
12/13/19,45,39,36,30,28.1,27,76,65.3,52,10,5.2,0,29.3,29.2,29.1,0
12/14/19,35,31.9,26,30,25.6,16,89,77.8,64,17,9.2,0,29.2,29.1,29,0
12/15/19,27,24.3,20,22,15.4,13,88,69.2,61,14,6.5,0,29.5,29.4,29.3,0
12/16/19,31,28.7,26,25,22.9,20,84,79,69,14,8.2,3,29.5,29.5,29.4,0
12/17/19,30,25.9,20,22,18.7,16,85,74.6,59,21,12.4,7,29.5,29.4,29.4,0
12/18/19,27,19,14,20,1.4,-7,75,48.1,31,17,9.8,0,29.7,29.6,29.4,0
12/19/19,37,27.1,16,25,15.4,1,84,62.3,48,17,9.5,0,29.7,29.6,29.5,0
12/20/19,41,33,25,29,25.6,21,88,74.8,62,9,5.3,0,29.8,29.7,29.7,0
12/21/19,48,39.3,32,32,29.3,26,82,68.3,52,13,8.7,6,29.7,29.6,29.6,0
12/22/19,53,41.1,32,35,30,25,79,65.8,45,13,9.2,5,29.6,29.5,29.4,0
12/23/19,53,42.8,36,35,32.5,29,86,68,48,15,7.5,0,29.4,29.4,29.4,0
12/24/19,55,38.2,28,43,34.2,28,100,87.1,52,13,4.9,0,29.4,29.4,29.3,0
12/25/19,60,50.8,40,48,41.7,34,86,71.5,55,16,10,5,29.3,29.2,29.2,0
12/26/19,62,53.3,40,51,46.4,35,89,78,65,15,10.8,6,29.4,29.3,29.2,0
12/27/19,39,35,31,34,29.2,27,85,79.7,73,16,8.4,0,29.6,29.6,29.4,0
12/28/19,51,40.9,31,49,36.2,27,93,83.7,76,14,9.1,0,29.6,29.4,29.1,0
12/29/19,58,54.7,48,57,51.9,45,100,90.6,78,20,11.4,7,29.1,28.9,28.8,0.76
12/30/19,48,34.3,28,46,29,23,93,81,69,28,18.9,7,28.9,28.8,28.7,0
12/31/19,29,27.6,26,23,20.3,17,81,74,66,30,17.3,8,29.2,29.1,28.9,0.01